/*
MySQL Data Transfer
Source Host: localhost
Source Database: efpb
Target Host: localhost
Target Database: efpb
Date: 05-Mar-24 5:07:21 PM
*/


create database efpb;

use efpb;


SET FOREIGN_KEY_CHECKS=0;
-- ----------------------------
-- Table structure for aliyunosstresh
-- ----------------------------
DROP TABLE IF EXISTS `aliyunosstresh`;
CREATE TABLE `aliyunosstresh` (
  `id` int(11) NOT NULL auto_increment,
  `ownername` text,
  `cloudname` text,
  `vm` text,
  `vmmem` text,
  `cost` text,
  `threshold` text,
  `dt` text,
  PRIMARY KEY  (`id`)
) ENGINE=InnoDB DEFAULT CHARSET=latin1;

-- ----------------------------
-- Table structure for aliyunossvm
-- ----------------------------
DROP TABLE IF EXISTS `aliyunossvm`;
CREATE TABLE `aliyunossvm` (
  `id` int(11) NOT NULL auto_increment,
  `ownername` text,
  `cloudname` text,
  `vm` text,
  `vmmem` text,
  `cost` text,
  `dt` text,
  PRIMARY KEY  (`id`)
) ENGINE=InnoDB DEFAULT CHARSET=latin1;

-- ----------------------------
-- Table structure for amazons3tresh
-- ----------------------------
DROP TABLE IF EXISTS `amazons3tresh`;
CREATE TABLE `amazons3tresh` (
  `id` int(11) NOT NULL auto_increment,
  `ownername` text,
  `cloudname` text,
  `vm` text,
  `vmmem` text,
  `cost` text,
  `threshold` text,
  `dt` text,
  PRIMARY KEY  (`id`)
) ENGINE=InnoDB DEFAULT CHARSET=latin1;

-- ----------------------------
-- Table structure for amazons3vm
-- ----------------------------
DROP TABLE IF EXISTS `amazons3vm`;
CREATE TABLE `amazons3vm` (
  `id` int(11) NOT NULL auto_increment,
  `ownername` text,
  `cloudname` text,
  `vm` text,
  `vmmem` text,
  `cost` text,
  `dt` text,
  PRIMARY KEY  (`id`)
) ENGINE=InnoDB DEFAULT CHARSET=latin1;

-- ----------------------------
-- Table structure for aovmcost
-- ----------------------------
DROP TABLE IF EXISTS `aovmcost`;
CREATE TABLE `aovmcost` (
  `id` int(11) NOT NULL auto_increment,
  `memory` text,
  `cost` text,
  `cname` text,
  PRIMARY KEY  (`id`)
) ENGINE=InnoDB DEFAULT CHARSET=latin1;

-- ----------------------------
-- Table structure for attacker
-- ----------------------------
DROP TABLE IF EXISTS `attacker`;
CREATE TABLE `attacker` (
  `id` int(11) NOT NULL auto_increment,
  `user` text,
  `fname` text,
  `cname` text,
  `sk` text,
  `type` text,
  `dt` text,
  PRIMARY KEY  (`id`)
) ENGINE=InnoDB DEFAULT CHARSET=latin1;

-- ----------------------------
-- Table structure for avmcost
-- ----------------------------
DROP TABLE IF EXISTS `avmcost`;
CREATE TABLE `avmcost` (
  `id` int(11) NOT NULL auto_increment,
  `memory` text,
  `cost` text,
  `cname` text,
  PRIMARY KEY  (`id`)
) ENGINE=InnoDB DEFAULT CHARSET=latin1;

-- ----------------------------
-- Table structure for cloud
-- ----------------------------
DROP TABLE IF EXISTS `cloud`;
CREATE TABLE `cloud` (
  `username` varchar(50) default NULL,
  `password` varchar(50) default NULL,
  `cname` varchar(50) default NULL
) ENGINE=InnoDB DEFAULT CHARSET=latin1;

-- ----------------------------
-- Table structure for cloudserver
-- ----------------------------
DROP TABLE IF EXISTS `cloudserver`;
CREATE TABLE `cloudserver` (
  `id` int(11) NOT NULL auto_increment,
  `fname` text,
  `ct` text,
  `ownername` text,
  `cname` text,
  `vm` text,
  `mac` text,
  `sk` text,
  `rank` int(11) default NULL,
  `dt` text,
  PRIMARY KEY  (`id`)
) ENGINE=InnoDB DEFAULT CHARSET=latin1;

-- ----------------------------
-- Table structure for memcons
-- ----------------------------
DROP TABLE IF EXISTS `memcons`;
CREATE TABLE `memcons` (
  `id` int(11) NOT NULL auto_increment,
  `ownername` text,
  `fname` text,
  `cloudname` text,
  `vmused` text,
  `remvm` text,
  `dt` text,
  PRIMARY KEY  (`id`)
) ENGINE=InnoDB DEFAULT CHARSET=latin1;

-- ----------------------------
-- Table structure for mig
-- ----------------------------
DROP TABLE IF EXISTS `mig`;
CREATE TABLE `mig` (
  `id` int(11) NOT NULL auto_increment,
  `ownername` text,
  `fname` text,
  `cloudname` text,
  `migcloud` text,
  `newn` text,
  `email` text,
  `dt` text,
  PRIMARY KEY  (`id`)
) ENGINE=InnoDB DEFAULT CHARSET=latin1;

-- ----------------------------
-- Table structure for owner
-- ----------------------------
DROP TABLE IF EXISTS `owner`;
CREATE TABLE `owner` (
  `id` int(11) NOT NULL auto_increment,
  `name` text,
  `pass` text,
  `email` text,
  `mobile` text,
  `addr` text,
  `dob` text,
  `location` text,
  `cloudname` text,
  `imagess` longblob,
  PRIMARY KEY  (`id`)
) ENGINE=InnoDB DEFAULT CHARSET=latin1;

-- ----------------------------
-- Table structure for ownerdetails
-- ----------------------------
DROP TABLE IF EXISTS `ownerdetails`;
CREATE TABLE `ownerdetails` (
  `id` int(11) NOT NULL auto_increment,
  `fname` text,
  `ownername` text,
  `cname` text,
  `mac` text,
  `sk` text,
  `dt` text,
  PRIMARY KEY  (`id`)
) ENGINE=InnoDB DEFAULT CHARSET=latin1;

-- ----------------------------
-- Table structure for proxy
-- ----------------------------
DROP TABLE IF EXISTS `proxy`;
CREATE TABLE `proxy` (
  `username` varchar(50) default NULL,
  `password` varchar(50) default NULL
) ENGINE=InnoDB DEFAULT CHARSET=latin1;

-- ----------------------------
-- Table structure for proxyserver
-- ----------------------------
DROP TABLE IF EXISTS `proxyserver`;
CREATE TABLE `proxyserver` (
  `id` int(11) NOT NULL auto_increment,
  `fname` text,
  `ownername` text,
  `cname` text,
  `vm` text,
  `mac` text,
  `sk` text,
  `mem` text,
  `dt` text,
  PRIMARY KEY  (`id`)
) ENGINE=InnoDB DEFAULT CHARSET=latin1;

-- ----------------------------
-- Table structure for rackspacetresh
-- ----------------------------
DROP TABLE IF EXISTS `rackspacetresh`;
CREATE TABLE `rackspacetresh` (
  `id` int(11) NOT NULL auto_increment,
  `ownername` text,
  `cloudname` text,
  `vm` text,
  `vmmem` text,
  `cost` text,
  `threshold` text,
  `dt` text,
  PRIMARY KEY  (`id`)
) ENGINE=InnoDB DEFAULT CHARSET=latin1;

-- ----------------------------
-- Table structure for rackspacevm
-- ----------------------------
DROP TABLE IF EXISTS `rackspacevm`;
CREATE TABLE `rackspacevm` (
  `id` int(11) NOT NULL auto_increment,
  `ownername` text,
  `cloudname` text,
  `vm` text,
  `vmmem` text,
  `cost` text,
  `dt` text,
  PRIMARY KEY  (`id`)
) ENGINE=InnoDB DEFAULT CHARSET=latin1;

-- ----------------------------
-- Table structure for results
-- ----------------------------
DROP TABLE IF EXISTS `results`;
CREATE TABLE `results` (
  `fname` text,
  `tdelay` text,
  `tpt` text
) ENGINE=InnoDB DEFAULT CHARSET=latin1;

-- ----------------------------
-- Table structure for rvmcost
-- ----------------------------
DROP TABLE IF EXISTS `rvmcost`;
CREATE TABLE `rvmcost` (
  `id` int(11) NOT NULL auto_increment,
  `memory` text,
  `cost` text,
  `cname` text,
  PRIMARY KEY  (`id`)
) ENGINE=InnoDB DEFAULT CHARSET=latin1;

-- ----------------------------
-- Table structure for transaction
-- ----------------------------
DROP TABLE IF EXISTS `transaction`;
CREATE TABLE `transaction` (
  `id` int(11) NOT NULL auto_increment,
  `user` text,
  `fname` text,
  `cname` text,
  `sk` text,
  `task` text,
  `dt` text,
  PRIMARY KEY  (`id`)
) ENGINE=InnoDB DEFAULT CHARSET=latin1;

-- ----------------------------
-- Table structure for user
-- ----------------------------
DROP TABLE IF EXISTS `user`;
CREATE TABLE `user` (
  `id` int(11) NOT NULL auto_increment,
  `name` text,
  `pass` text,
  `email` text,
  `mobile` text,
  `addr` text,
  `dob` text,
  `location` text,
  `cloudname` text,
  `imagess` longblob,
  PRIMARY KEY  (`id`)
) ENGINE=InnoDB DEFAULT CHARSET=latin1;

-- ----------------------------
-- Table structure for userrequest
-- ----------------------------
DROP TABLE IF EXISTS `userrequest`;
CREATE TABLE `userrequest` (
  `id` int(11) NOT NULL auto_increment,
  `username` text,
  `ownername` text,
  `userfrm` text,
  `fnamereq` varchar(30) default '',
  `sk` text,
  `reqdate` text,
  `resdate` text,
  `resstatus` text,
  PRIMARY KEY  (`id`)
) ENGINE=InnoDB DEFAULT CHARSET=latin1;

-- ----------------------------
-- Table structure for windowsazuretresh
-- ----------------------------
DROP TABLE IF EXISTS `windowsazuretresh`;
CREATE TABLE `windowsazuretresh` (
  `id` int(11) NOT NULL auto_increment,
  `ownername` text,
  `cloudname` text,
  `vm` text,
  `vmmem` text,
  `cost` text,
  `threshold` text,
  `dt` text,
  PRIMARY KEY  (`id`)
) ENGINE=InnoDB DEFAULT CHARSET=latin1;

-- ----------------------------
-- Table structure for windowsazurevm
-- ----------------------------
DROP TABLE IF EXISTS `windowsazurevm`;
CREATE TABLE `windowsazurevm` (
  `id` int(11) NOT NULL auto_increment,
  `ownername` text,
  `cloudname` text,
  `vm` text,
  `vmmem` text,
  `cost` text,
  `dt` text,
  PRIMARY KEY  (`id`)
) ENGINE=InnoDB DEFAULT CHARSET=latin1;

-- ----------------------------
-- Table structure for wvmcost
-- ----------------------------
DROP TABLE IF EXISTS `wvmcost`;
CREATE TABLE `wvmcost` (
  `id` int(11) NOT NULL auto_increment,
  `memory` text,
  `cost` text,
  `cname` text,
  PRIMARY KEY  (`id`)
) ENGINE=InnoDB DEFAULT CHARSET=latin1;

-- ----------------------------
-- Records 
-- ----------------------------
INSERT INTO `aovmcost` VALUES ('1', '40000', '10000', 'Aliyun OSS');
INSERT INTO `aovmcost` VALUES ('2', '60000', '12000', 'Aliyun OSS');
INSERT INTO `aovmcost` VALUES ('3', '80000', '14000', 'Aliyun OSS');
INSERT INTO `aovmcost` VALUES ('4', '100000', '15000', 'Aliyun OSS');
INSERT INTO `avmcost` VALUES ('2', '20000', '8000', 'Amazon S3');
INSERT INTO `avmcost` VALUES ('3', '40000', '10000', 'Amazon S3');
INSERT INTO `avmcost` VALUES ('4', '60000', '12000', 'Amazon S3');
INSERT INTO `avmcost` VALUES ('5', '80000', '14000', 'Amazon S3');
INSERT INTO `avmcost` VALUES ('6', '100000', '15000', 'Amazon S3');
INSERT INTO `cloud` VALUES ('cloud', 'cloud', 'Rackspace');
INSERT INTO `cloud` VALUES ('cloud', 'cloud', 'Amazon S3');
INSERT INTO `cloud` VALUES ('cloud', 'cloud', 'Windows Azure');
INSERT INTO `cloud` VALUES ('cloud', 'cloud', 'Aliyun OSS');
INSERT INTO `cloudserver` VALUES ('1', 'connect.jsp', 'DQo8JUAgcGFnZSBpbXBvcnQ9ImphdmEudXRpbC4qIiAlPg0KPCVAIHBhZ2UgaW1wb3J0PSJqYXZhLnNxbC4qIiAlPg0KDQo8JQ0KCUNvbm5lY3Rpb24gY29ubmVjdGlvbiA9IG51bGw7DQogCXRyeSB7DQogICAgIAkNCg0KCSAgCUNsYXNzLmZvck5hbWUoImNvbS5teXNxbC5qZGJjLkRyaXZlciIpOwkNCgkJY29ubmVjdGlvbiA9IERyaXZlck1hbmFnZXIuZ2V0Q29ubmVjdGlvbigiamRiYzpteXNxbDovL2xvY2FsaG9zdDozMzA2L2R5bmFtaWNfdm0iLCJyb290Iiwicm9vdCIpOw0KICAgICAgCVN0cmluZyBzcWw9IiI7DQoNCgl9DQoJY2F0Y2goRXhjZXB0aW9uIGUpDQoJew0KCQlTeXN0ZW0ub3V0LnByaW50bG4oZSk7DQoJfQ0KJT4=', 'tmksmanju', 'Rackspace', 'VM1', 'eeb2cca9559a3ee1965c638af72b7899cc4bfaa', '[B@174aa60', '1', '04/03/2024   14:00:47');
INSERT INTO `cloudserver` VALUES ('2', 'Android.txt', 'QW5kcm9pZCBpcyBhIG1vYmlsZSBvcGVyYXRpbmcgc3lzdGVtIGRldmVsb3BlZCBieSBHb29nbGUsIGJhc2VkIG9uIHRoZSBMaW51eCBrZXJuZWwgYW5kIGRlc2lnbmVkIHByaW1hcmlseSBmb3IgdG91Y2hzY3JlZW4gbW9iaWxlIGRldmljZXMgc3VjaCBhcyBzbWFydHBob25lcyBhbmQgdGFibGV0cy4gQW5kcm9pZCB1c2VyIGludGVyZmFjZSBpcyBtYWlubHkgYmFzZWQgb24gZGlyZWN0IG1hbmlwdWxhdGlvbiwgdXNpbmcgdG91Y2ggZ2VzdHVyZXMgdGhhdCBsb29zZWx5IGNvcnJlc3BvbmQgdG8gcmVhbC13b3JsZCBhY3Rpb25zLCBzdWNoIGFzIHN3aXBpbmcsIHRhcHBpbmcgYW5kIHBpbmNoaW5nLCB0byBtYW5pcHVsYXRlIG9uLXNjcmVlbiBvYmplY3RzLCBhbG9uZyB3aXRoIGEgdmlydHVhbCBrZXlib2FyZCBmb3IgdGV4dCBpbnB1dC4gSW4gYWRkaXRpb24gdG8gdG91Y2hzY3JlZW4gZGV2aWNlcywgR29vZ2xlIGhhcyBmdXJ0aGVyIGRldmVsb3BlZCBBbmRyb2lkIFRWIGZvciB0ZWxldmlzaW9ucywgQW5kcm9pZCBBdXRvIGZvciBjYXJzLCBhbmQgQW5kcm9pZCBXZWFyIGZvciB3cmlzdCB3YXRjaGVzLCBlYWNoIHdpdGggYSBzcGVjaWFsaXplZCB1c2VyIGludGVyZmFjZS4gVmFyaWFudHMgb2YgQW5kcm9pZCBhcmUgYWxzbyB1c2VkIG9uIGdhbWUgY29uc29sZXMsIGRpZ2l0YWwgY2FtZXJhcywgUENzIGFuZCBvdGhlciBlbGVjdHJvbmljcy4=', 'Manjunath', 'Rackspace', 'VM1', '902d177dba1deedd45dc411b9653401a566ec36', '[B@1ebba10', '1', '04/03/2024   15:24:45');
INSERT INTO `cloudserver` VALUES ('3', 'Cloud.txt', 'Q2xvdWQgY29tcHV0aW5nIGlzIGFuIGluZm9ybWF0aW9uIHRlY2hub2xvZ3kgKElUKSBwYXJhZGlnbSB0aGF0IGVuYWJsZXMgdWJpcXVpdG91cyBhY2Nlc3MgdG8gc2hhcmVkIHBvb2xzIG9mIGNvbmZpZ3VyYWJsZSBzeXN0ZW0gcmVzb3VyY2VzIGFuZCBoaWdoZXItbGV2ZWwgc2VydmljZXMgdGhhdCBjbG91ZCBjYW4gYmUgcmFwaWRseSBwcm92aXNpb25lZCB3aXRoIG1pbmltYWwgbWFuYWdlbWVudCBlZmZvcnQsIG9mdGVuIG92ZXIgdGhlIEludGVybmV0LiBDbG91ZCBjb21wdXRpbmcgVGVjaG5pcXVlIHJlbGllcyBvbiBzaGFyaW5nIG9mIHJlc291cmNlcyB0byBhY2hpZXZlIGNvaGVyZW5jZSBhbmQgZWNvbm9teSBvZiBzY2FsZSwgc2ltaWxhciB0byBhIHV0aWxpdHku', 'Manjunath', 'Rackspace', 'VM1', '-176bb5f82522c287019cc55d1405a351adc378c9', '[B@6399ae', '1', '04/03/2024   15:25:16');
INSERT INTO `cloudserver` VALUES ('4', 'ecom.txt', 'RS1jb21tZXJjZSBpcyBhIHRyYW5zYWN0aW9uIG9mIGJ1eWluZyBvciBzZWxsaW5nIG9ubGluZS4gRWxlY3Ryb25pYyBjb21tZXJjZSBkcmF3cyBvbiB0ZWNobm9sb2dpZXMgc3VjaCBhcyBtb2JpbGUgY29tbWVyY2UsIGVsZWN0cm9uaWMgZnVuZHMgdHJhbnNmZXIsIHN1cHBseSBjaGFpbiBtYW5hZ2VtZW50LCBJbnRlcm5ldCBtYXJrZXRpbmcsIG9ubGluZSB0cmFuc2FjdGlvbiBwcm9jZXNzaW5nLCBlbGVjdHJvbmljIGRhdGEgaW50ZXJjaGFuZ2UgKEVESSksIGludmVudG9yeSBtYW5hZ2VtZW50IHN5c3RlbXMsIGFuZCBhdXRvbWF0ZWQgZGF0YSBjb2xsZWN0aW9uIHN5c3RlbXMuIE1vZGVybiBlbGVjdHJvbmljIGNvbW1lcmNlIHR5cGljYWxseSB1c2VzIHRoZSBXb3JsZCBXaWRlIFdlYiBmb3IgYXQgbGVhc3Qgb25lIHBhcnQgb2YgdGhlIHRyYW5zYWN0aW9uJ3MgbGlmZSBjeWNsZSBhbHRob3VnaCBpdCBtYXkgYWxzbyB1c2Ugb3RoZXIgdGVjaG5vbG9naWVzIHN1Y2ggYXMgZS1tYWlsLiBUeXBpY2FsIGUtY29tbWVyY2UgdHJhbnNhY3Rpb25zIGluY2x1ZGUgdGhlIHB1cmNoYXNlIG9mIG9ubGluZSBib29rcyBzdWNoIGFzIEFtYXpvbiBhbmQgbXVzaWMgcHVyY2hhc2VzIG11c2ljIGRvd25sb2FkIGluIHRoZSBmb3JtIG9mIGRpZ2l0YWwgZGlzdHJpYnV0aW9uIHN1Y2ggYXMgaVR1bmVzIFN0b3JlLCBhbmQgdG8gYSBsZXNzIGV4dGVudCwgY3VzdG9taXplZC9wZXJzb25hbGl6ZWQgb25saW5lIGxpcXVvciBzdG9yZSBpbnZlbnRvcnkgc2VydmljZXM=', 'Manjunath', 'Rackspace', 'VM1', '323fc204bb04a0ef89d36a2d845b6c562f90f82', '[B@71d29a', '0', '04/03/2024   15:25:30');
INSERT INTO `cloudserver` VALUES ('5', 'wsn.txt', 'V2lyZWxlc3Mgc2Vuc29yIG5ldHdvcmtzIChXU04pLCBhcmUgc2ltaWxhciB0byB3aXJlbGVzcyBhZCBob2MgbmV0d29ya3MgaW4gdGhlIHNlbnNlIHRoYXQgdGhleSByZWx5IG9uIHdpcmVsZXNzIGNvbm5lY3Rpdml0eSBhbmQgc3BvbnRhbmVvdXMgZm9ybWF0aW9uIG9mIG5ldHdvcmtzIHNvIHRoYXQgc2Vuc29yIGRhdGEgY2FuIGJlIHRyYW5zcG9ydGVkIHdpcmVsZXNzbHkuIFNvbWV0aW1lcyB0aGV5IGFyZSBjYWxsZWQgZHVzdCBuZXR3b3JrcywgcmVmZXJyaW5nIHRvIG1pbnV0ZSBzZW5zb3JzIGFzIHNtYWxsIGFzIGR1c3QuIFNtYXJ0IGR1c3QgaXMgYSBVIEMgQmVya2VsZXkgcHJvamVjdCBzcG9uc29yZWQgYnkgREFSUEEuIER1c3QgTmV0d29ya3MgSW5jLiwgaXMgb25lIG9mIHRoZSBlYXJseSBjb21wYW5pZXMgdGhhdCBwcm9kdWNlZCB3aXJlbGVzcyBzZW5zb3IgbmV0d29yayBwcm9kdWN0cy4gV1NOcyBhcmUgc3BhdGlhbGx5IGRpc3RyaWJ1dGVkIGF1dG9ub21vdXMgc2Vuc29ycyB0byBtb25pdG9yIHBoeXNpY2FsIG9yIGVudmlyb25tZW50YWwgY29uZGl0aW9ucywgc3VjaCBhcyB0ZW1wZXJhdHVyZSwgc291bmQsIHByZXNzdXJlLCBldGMuIGFuZCB0byBjb29wZXJhdGl2ZWx5IHBhc3MgdGhlaXIgZGF0YSB0aHJvdWdoIHRoZSBuZXR3b3JrIHRvIG90aGVyIGxvY2F0aW9ucy5bNF0gVGhlIG1vcmUgbW9kZXJuIG5ldHdvcmtzIGFyZSBiaS1kaXJlY3Rpb25hbCwgYWxzbyBlbmFibGluZyBjb250cm9sIG9mIHNlbnNvciBhY3Rpdml0eS4gVGhlIGRldmVsb3BtZW50IG9mIHdpcmVsZXNzIHNlbnNvciBuZXR3b3JrcyB3YXMgbW90aXZhdGVkIGJ5IG1pbGl0YXJ5IGFwcGxpY2F0aW9ucyBzdWNoIGFzIGJhdHRsZWZpZWxkIHN1cnZlaWxsYW5jZTsgdG9kYXkgc3VjaCBuZXR3b3JrcyBhcmUgdXNlZCBpbiBtYW55IGluZHVzdHJpYWwgYW5kIGNvbnN1bWVyIGFwcGxpY2F0aW9ucywgc3VjaCBhcyBpbmR1c3RyaWFsIHByb2Nlc3MgbW9uaXRvcmluZyBhbmQgY29udHJvbCwgbWFjaGluZSBoZWFsdGggbW9uaXRvcmluZywgYW5kIHNvIG9uLg==', 'Manjunath', 'Rackspace', 'VM1', '-a4bcddaf1d23c55c5435f94d8df0f1ebedcca86', '[B@9d9edd', '0', '04/03/2024   15:25:43');
INSERT INTO `cloudserver` VALUES ('6', 'Connect.jsp', 'DQo8JUAgcGFnZSBpbXBvcnQ9ImphdmEudXRpbC4qIiAlPg0KPCVAIHBhZ2UgaW1wb3J0PSJqYXZhLnNxbC4qIiAlPg0KDQo8JQ0KCUNvbm5lY3Rpb24gY29ubmVjdGlvbiA9IG51bGw7DQogCXRyeSB7DQogICAgIAkNCg0KCSAgCUNsYXNzLmZvck5hbWUoImNvbS5teXNxbC5qZGJjLkRyaXZlciIpOwkNCgkJY29ubmVjdGlvbiA9IERyaXZlck1hbmFnZXIuZ2V0Q29ubmVjdGlvbigiamRiYzpteXNxbDovL2xvY2FsaG9zdDozMzA2L2VmcGIiLCJyb290Iiwicm9vdCIpOw0KICAgICAgCVN0cmluZyBzcWw9IiI7DQoNCgl9DQoJY2F0Y2goRXhjZXB0aW9uIGUpDQoJew0KCQlTeXN0ZW0ub3V0LnByaW50bG4oZSk7DQoJfQ0KJT4=', 'Kamalesh', 'Windows Azure', 'VM1', '-17118d459afa0c33e828cdc1dbde0cd4d68ceeb4', '[B@d5c653', '0', '05/03/2024   16:38:57');
INSERT INTO `cloudserver` VALUES ('7', 'Search.jsp', 'PCVAIHBhZ2UgbGFuZ3VhZ2U9ImphdmEiIGNvbnRlbnRUeXBlPSJ0ZXh0L2h0bWw7IGNoYXJzZXQ9SVNPLTg4NTktMSINCglwYWdlRW5jb2Rpbmc9IklTTy04ODU5LTEiJT4NCjwlQHBhZ2UgaW1wb3J0PSJqYXZhLnV0aWwuKiIlPg0KPCVAIGluY2x1ZGUgZmlsZT0iY29ubmVjdC5qc3AiJT4NCjwlQHBhZ2UNCglpbXBvcnQ9ImphdmEudXRpbC4qLGphdmEuc2VjdXJpdHkuS2V5LGphdmEudXRpbC5SYW5kb20samF2YXguY3J5cHRvLkNpcGhlcixqYXZheC5jcnlwdG8uc3BlYy5TZWNyZXRLZXlTcGVjLG9yZy5ib3VuY3ljYXN0bGUudXRpbC5lbmNvZGVycy5CYXNlNjQiJT4NCjwlQCBwYWdlDQoJaW1wb3J0PSJqYXZhLnNxbC4qLGphdmEudXRpbC5SYW5kb20samF2YS5pby5QcmludFN0cmVhbSxqYXZhLmlvLkZpbGVPdXRwdXRTdHJlYW0samF2YS5pby5GaWxlSW5wdXRTdHJlYW0samF2YS5zZWN1cml0eS5EaWdlc3RJbnB1dFN0cmVhbSxqYXZhLm1hdGguQmlnSW50ZWdlcixqYXZhLnNlY3VyaXR5Lk1lc3NhZ2VEaWdlc3QsamF2YS5pby5CdWZmZXJlZElucHV0U3RyZWFtIiU+DQo8JUAgcGFnZQ0KCWltcG9ydD0iamF2YS5zZWN1cml0eS5LZXksamF2YS5zZWN1cml0eS5LZXlQYWlyLGphdmEuc2VjdXJpdHkuS2V5UGFpckdlbmVyYXRvcixqYXZheC5jcnlwdG8uQ2lwaGVyIiU+DQo8JUBwYWdlDQoJaW1wb3J0PSJqYXZhLnV0aWwuKixqYXZhLnRleHQuU2ltcGxlRGF0ZUZvcm1hdCxqYXZhLnV0aWwuRGF0ZSxqYXZhLmlvLkZpbGVJbnB1dFN0cmVhbSxqYXZhLmlvLkZpbGVPdXRwdXRTdHJlYW0samF2YS5pby5QcmludFN0cmVhbSIlPg0KDQoNCjwhRE9DVFlQRSBodG1sIFBVQkxJQyAiLS8vVzNDLy9EVEQgWEhUTUwgMS4wIFRyYW5zaXRpb25hbC8vRU4iICJodHRwOi8vd3d3LnczLm9yZy9UUi94aHRtbDEvRFREL3hodG1sMS10cmFuc2l0aW9uYWwuZHRkIj4NCjxodG1sIHhtbG5zPSJodHRwOi8vd3d3LnczLm9yZy8xOTk5L3hodG1sIj4NCjxoZWFkPg0KPHRpdGxlPlNlYXJjaDwvdGl0bGU+DQo8bWV0YSBodHRwLWVxdWl2PSJDb250ZW50LVR5cGUiIGNvbnRlbnQ9InRleHQvaHRtbDsgY2hhcnNldD11dGYtOCIgLz4NCjxsaW5rIGhyZWY9ImNzcy9zdHlsZS5jc3MiIHJlbD0ic3R5bGVzaGVldCIgdHlwZT0idGV4dC9jc3MiIC8+DQo8bGluayByZWw9InN0eWxlc2hlZXQiIHR5cGU9InRleHQvY3NzIiBocmVmPSJjc3MvY29pbi1zbGlkZXIuY3NzIiAvPg0KPHNjcmlwdCB0eXBlPSJ0ZXh0L2phdmFzY3JpcHQiIHNyYz0ianMvY3Vmb24teXVpLmpzIj48L3NjcmlwdD4NCjxzY3JpcHQgdHlwZT0idGV4dC9qYXZhc2NyaXB0Ig0KCXNyYz0ianMvZHJvaWRfc2Fuc180MDAtZHJvaWRfc2Fuc183MDAuZm9udC5qcyI+PC9zY3JpcHQ+DQo8c2NyaXB0IHR5cGU9InRleHQvamF2YXNjcmlwdCIgc3JjPSJqcy9qcXVlcnktMS40LjIubWluLmpzIj48L3NjcmlwdD4NCjxzY3JpcHQgdHlwZT0idGV4dC9qYXZhc2NyaXB0IiBzcmM9ImpzL3NjcmlwdC5qcyI+PC9zY3JpcHQ+DQo8c2NyaXB0IHR5cGU9InRleHQvamF2YXNjcmlwdCIgc3JjPSJqcy9jb2luLXNsaWRlci5taW4uanMiPjwvc2NyaXB0Pg0KPHN0eWxlIHR5cGU9InRleHQvY3NzIj4NCjwhLS0NCi5zdHlsZTQge2ZvbnQtc2l6ZTogMjRweDsNCgljb2xvcjogI0ZGMDAwMDsNCglmb250LXN0eWxlOiBpdGFsaWM7DQp9DQouc3R5bGU1IHtjb2xvcjogI0ZGMDAwMH0NCi5zdHlsZTYge2NvbG9yOiAjRkZGRjAwfQ0KLnN0eWxlNyB7Y29sb3I6ICNGRjAwMDA7IGZvbnQtd2VpZ2h0OiBib2xkOyB9DQotLT4NCjwvc3R5bGU+DQo8L2hlYWQ+DQo8Ym9keT4NCjxkaXYgY2xhc3M9Im1haW4iPg0KPGRpdiBjbGFzcz0iaGVhZGVyIj4NCjxkaXYgY2xhc3M9ImhlYWRlcl9yZXNpemUiPg0KPGRpdiBjbGFzcz0ibG9nbyI+DQo8aDE+PGEgaHJlZj0iaW5kZXguaHRtbCIgY2xhc3M9InN0eWxlNCI+RUZQQiBFZmZpY2llbnQgRmFpciBQYXltZW50IEJhc2VkIG9uIEJsb2NrY2hhaW4gZm9yIE91dHNvdXJjaW5nIFNlcnZpY2VzIGluIENsb3VkIENvbXB1dGluZzwvYT48YSBocmVmPSJpbmRleC5odG1sIj48L2E+PC9oMT4NCjwvZGl2Pg0KPGRpdiBjbGFzcz0iY2xyIj48L2Rpdj4NCjxkaXYgY2xhc3M9Im1lbnVfbmF2Ij4NCjx1bD4NCgk8bGk+PGEgaHJlZj0iaW5kZXguaHRtbCI+PHNwYW4+SG9tZSBQYWdlPC9zcGFuPjwvYT48L2xpPg0KCTxsaT48YSBocmVmPSJEYXRhT3duZXIuaHRtbCI+T3V0IFNvdXJjZXI8L2E+PC9saT4NCgk8bGk+PGEgaHJlZj0iUHJveHlTZXJ2ZXIuaHRtbCI+PHNwYW4+UFNBPC9zcGFuPjwvYT48L2xpPg0KCTxsaT48YSBocmVmPSJDbG91ZFNlcnZlci5odG1sIj48c3Bhbj5DbG91ZFNlcnZlcjwvc3Bhbj48L2E+PC9saT4NCgk8bGkgY2xhc3M9ImFjdGl2ZSI+PGEgaHJlZj0iRW5kVXNlci5odG1sIj48c3Bhbj5Xb3JrZXI8L3NwYW4+PC9hPjwvbGk+DQo8L3VsPg0KPC9kaXY+DQo8ZGl2IGNsYXNzPSJjbHIiPjwvZGl2Pg0KPGRpdiBjbGFzcz0ic2xpZGVyIj4NCjxkaXYgaWQ9ImNvaW4tc2xpZGVyIj48YSBocmVmPSIjIj48aW1nIHNyYz0iaW1hZ2VzL3NsaWRlMS5qcGciDQoJd2lkdGg9Ijk2MCIgaGVpZ2h0PSIzMTMiIGFsdD0iIiAvPiA8L2E+IDxhIGhyZWY9IiMiPjxpbWcNCglzcmM9ImltYWdlcy9zbGlkZTIuanBnIiB3aWR0aD0iOTYwIiBoZWlnaHQ9IjMxMyIgYWx0PSIiIC8+IDwvYT4gPGENCglocmVmPSIjIj48aW1nIHNyYz0iaW1hZ2VzL3NsaWRlMy5qcGciIHdpZHRoPSI5NjAiIGhlaWdodD0iMzEzIg0KCWFsdD0iIiAvPiA8L2E+PC9kaXY+DQo8ZGl2IGNsYXNzPSJjbHIiPjwvZGl2Pg0KPC9kaXY+DQo8ZGl2IGNsYXNzPSJjbHIiPjwvZGl2Pg0KPC9kaXY+DQo8L2Rpdj4NCjxkaXYgY2xhc3M9ImNvbnRlbnQiPg0KPGRpdiBjbGFzcz0iY29udGVudF9yZXNpemUiPg0KPGRpdiBjbGFzcz0iYXJ0aWNsZSI+DQogIDxoMSBhbGlnbj0iY2VudGVyIiBjbGFzcz0ic3R5bGU1Ij5TZWFyY2hlZCBGaWxlIENvbnRhaW5zPC9oMT4NCiAgICAgICAgPGJyLz4NCiAgICAgICAgDQogICAgICAgICAgICA8dGFibGUgd2lkdGg9Ijk2NSIgYm9yZGVyPSIxIiBhbGlnbj0iY2VudGVyIj4NCiAgPHRyPg0KICAgPHRkIGJnY29sb3I9IiNGRjAwMDAiID48ZGl2IGFsaWduPSJjZW50ZXIiIGNsYXNzPSJzdHlsZTYiPjxzcGFuIGNsYXNzPSJzdHlsZTMiPjxzdHJvbmc+RmlsZU5hbWU8L3N0cm9uZz48L3NwYW4+PC9kaXY+PC90ZD4NCiAgICAgIDx0ZCBiZ2NvbG9yPSIjRkYwMDAwIiA+PGRpdiBhbGlnbj0iY2VudGVyIiBjbGFzcz0ic3R5bGU2Ij48c3BhbiBjbGFzcz0ic3R5bGUzIj48c3Ryb25nPk93bmVyTmFtZTwvc3Ryb25nPiA8L3NwYW4+PC9kaXY+PC90ZD4NCiAgICA8dGQgYmdjb2xvcj0iI0ZGMDAwMCIgPjxkaXYgYWxpZ249ImNlbnRlciIgY2xhc3M9InN0eWxlNiI+PHNwYW4gY2xhc3M9InN0eWxlMyI+PHN0cm9uZz5VcGxvYWRlZCBEYXRlPC9zdHJvbmc+PC9zcGFuPjwvZGl2PjwvdGQ+DQogIDwvdHI+DQogICAgICAgIA0KICAgICA8JQ0KDQoJU3RyaW5nIHMxPSIiLHMyPSIiLHMzPSIiLHM0PSIiLHM1PSIiLHM2PSIiLHM3PSIiLHM4LHM5PSIiLHMxMCxzMTEsczEyLHMxMzsNCglpbnQgaT0wLGo9MCxrPTA7DQoJU3RyaW5nIGtleXdvcmQ9cmVxdWVzdC5nZXRQYXJhbWV0ZXIoImZuIik7DQoJU3RyaW5nIGNsbz0oU3RyaW5nKWFwcGxpY2F0aW9uLmdldEF0dHJpYnV0ZSgiZXVjIik7DQogICAgICAJdHJ5IA0KCXsNCiAgICAgICAgDQogICAgICAgICAgDQogICAgICAJCQ0KICAgICAgCQkgDQogICAgICAJCQ0KICAgICAgCQlTdHJpbmcgcXVlcnk9InNlbGVjdCAqIGZyb20gY2xvdWRzZXJ2ZXIiOy8vIHdoZXJlICBjbmFtZT0nIitjbG8rIiciOyANCiAgICAgICAgICAgU3RhdGVtZW50IHN0PWNvbm5lY3Rpb24uY3JlYXRlU3RhdGVtZW50KCk7DQogICAgICAgICAgIFJlc3VsdFNldCBycz1zdC5leGVjdXRlUXVlcnkocXVlcnkpOw0KCXdoaWxlICggcnMubmV4dCgpICkNCgkgICB7DQoJCWk9cnMuZ2V0SW50KDEpOw0KCQlzMj1ycy5nZXRTdHJpbmcoMik7DQoJCXMzPXJzLmdldFN0cmluZygzKTsNCgkJczQ9cnMuZ2V0U3RyaW5nKDQpOw0KCQlzNj1ycy5nZXRTdHJpbmcoMTApOw0KCQ0KCQ0KCQkJCQkJU3RyaW5nIGtleXMgPSAiZWY1MGEwZWYyYzNlM2E1ZiI7DQoJCQkJCQkgYnl0ZVtdIGtleVZhbHVlMSA9IGtleXMuZ2V0Qnl0ZXMoKTsNCgkJCQkJCSBLZXkga2V5MSA9IG5ldyBTZWNyZXRLZXlTcGVjKGtleVZhbHVlMSwgIkFFUyIpOw0KCQkJCQkJIENpcGhlciBjMSA9IENpcGhlci5nZXRJbnN0YW5jZSgiQUVTIik7DQoJCQkJCQkgYzEuaW5pdChDaXBoZXIuREVDUllQVF9NT0RFLCBrZXkxKTsNCgkJCQkJCSBTdHJpbmcgZGVjcnlwdGVkVmFsdWUgPSBuZXcgU3RyaW5nKEJhc2U2NC5kZWNvZGUoczMuZ2V0Qnl0ZXMoKSkpOw0KCQ0KCQ0KCWlmKGRlY3J5cHRlZFZhbHVlLmNvbnRhaW5zKGtleXdvcmQpKQ0KCXsNCgkJJT4NCiAgPHRyPg0KICAgIDx0ZCBoZWlnaHQ9IjI5Ij48ZGl2IGFsaWduPSJjZW50ZXIiIGNsYXNzPSJzdHlsZTciPjwlPXMyJT48L2Rpdj48L3RkPg0KICAgIDx0ZD48ZGl2IGFsaWduPSJjZW50ZXIiIGNsYXNzPSJzdHlsZTciPjwlPXM0JT48L2Rpdj48L3RkPg0KICAgIDx0ZD48ZGl2IGFsaWduPSJjZW50ZXIiIGNsYXNzPSJzdHlsZTciPjwlPXM2JT48L2Rpdj48L3RkPg0KICA8L3RyPg0KDQo8JQ0KfQ0KCSAgIH0JICANCiAgICAgICAgICAgY29ubmVjdGlvbi5jbG9zZSgpOw0KICAgICAgICAgIH0NCiAgICAgICAgIA0KICAgICAgICAgIGNhdGNoKEV4Y2VwdGlvbiBlKQ0KICAgICAgICAgIHsNCiAgICAgICAgICAgIG91dC5wcmludGxuKGUuZ2V0TWVzc2FnZSgpKTsNCiAgICAgICAgICB9DQolPg0KPC90YWJsZT4NCiAgICAgICAgICAgIDwvcD4NCg0KICAgICAgICAgICAgPHA+PGEgaHJlZj0iRW5kVXNlck1haW4uanNwIj5CYWNrPC9hPjwvcD4NCiAgICAgICAgICAgIDxkaXYgY2xhc3M9ImNsciI+PC9kaXY+DQo8L2Rpdj4NCjwvZGl2Pg0KDQo8ZGl2IGNsYXNzPSJjbHIiPjwvZGl2Pg0KPC9kaXY+DQo8L2Rpdj4NCjxkaXYgY2xhc3M9ImZiZyI+DQo8ZGl2IGNsYXNzPSJmYmdfcmVzaXplIj4NCiAgPGRpdiBjbGFzcz0iY2xyIj48L2Rpdj4NCjwvZGl2Pg0KPC9kaXY+DQo8ZGl2IGNsYXNzPSJmb290ZXIiPg0KPGRpdiBjbGFzcz0iZm9vdGVyX3Jlc2l6ZSI+DQo8cCBjbGFzcz0ibGYiPjwvcD4NCjxwIGNsYXNzPSJyZiI+PC9wPg0KPGRpdiBzdHlsZT0iY2xlYXI6IGJvdGg7Ij48L2Rpdj4NCjwvZGl2Pg0KPC9kaXY+DQo8L2Rpdj4NCjxkaXYgYWxpZ249Y2VudGVyPjwvZGl2Pg0KPC9ib2R5Pg0KPC9odG1sPg0K', 'Manjunath', 'Rackspace', 'VM1', '-4b2756613f3f6600fe4baeca190641491fb92909', '[B@40f3c1', '0', '05/03/2024   16:40:16');
INSERT INTO `cloudserver` VALUES ('8', 'Images.jsp', 'PCVAIHBhZ2UgbGFuZ3VhZ2U9ImphdmEiIGNvbnRlbnRUeXBlPSJ0ZXh0L2h0bWw7IGNoYXJzZXQ9SVNPLTg4NTktMSIgcGFnZUVuY29kaW5nPSJJU08tODg1OS0xIiAlPg0KPCVAIHBhZ2UgaW1wb3J0PSJqYXZhLnNxbC4qLGphdmEuaW8uKixqYXZhLnV0aWwuKiIgJT4gDQo8IURPQ1RZUEUgaHRtbCBQVUJMSUMgIi0vL1czQy8vRFREIEhUTUwgNC4wMSBUcmFuc2l0aW9uYWwvL0VOIiAiaHR0cDovL3d3dy53My5vcmcvVFIvaHRtbDQvbG9vc2UuZHRkIj4NCjxodG1sPg0KPGhlYWQ+DQo8bWV0YSBodHRwLWVxdWl2PSJDb250ZW50LVR5cGUiIGNvbnRlbnQ9InRleHQvaHRtbDsgY2hhcnNldD1JU08tODg1OS0xIj4NCjx0aXRsZT5JbWFnZXM8L3RpdGxlPg0KPC9oZWFkPg0KPGJvZHk+DQo8JQ0KCWludCBpZCA9ICBJbnRlZ2VyLnBhcnNlSW50KHJlcXVlc3QuZ2V0UGFyYW1ldGVyKCJpbWdpZCIpKTsNCgl0cnl7ICAgICAgDQogICAgCUNsYXNzLmZvck5hbWUoImNvbS5teXNxbC5qZGJjLkRyaXZlciIpLm5ld0luc3RhbmNlKCk7DQogICAgCUNvbm5lY3Rpb24gY29uPURyaXZlck1hbmFnZXIuZ2V0Q29ubmVjdGlvbigiamRiYzpteXNxbDovL2xvY2FsaG9zdDozMzA2L2VmcGIiLCJyb290Iiwicm9vdCIpOyAgICAgIA0KICAgIAlTdGF0ZW1lbnQgc3Q9Y29uLmNyZWF0ZVN0YXRlbWVudCgpOw0KICAgIAlTdHJpbmcgc3RyUXVlcnkgPSAic2VsZWN0IGltYWdlc3MgZnJvbSBvd25lciB3aGVyZSBpZD0nIitpZCsiJyIgOw0KLy8gCQlTdHJpbmcgc3RyUXVlcnkgPSAic2VsZWN0IGltYWdldyBmcm9tIGltYWdlIHdoZXJlIGlkPStpZCBPUkRFUiBCWSAiOw0KICAgIAlSZXN1bHRTZXQgcnMgPSBzdC5leGVjdXRlUXVlcnkoc3RyUXVlcnkpOw0KCQlTdHJpbmcgaW1nTGVuPSIiOw0KICAgIAlpZihycy5uZXh0KCkpew0KCQkJaW1nTGVuID0gcnMuZ2V0U3RyaW5nKDEpOw0KCQl9ICANCiAgICAJcnMgPSBzdC5leGVjdXRlUXVlcnkoc3RyUXVlcnkpOw0KICAgIAlpZihycy5uZXh0KCkpew0KCQkJaW50IGxlbiA9IGltZ0xlbi5sZW5ndGgoKTsNCgkJCWJ5dGUgW10gcmIgPSBuZXcgYnl0ZVtsZW5dOw0KCQkJSW5wdXRTdHJlYW0gcmVhZEltZyA9IHJzLmdldEJpbmFyeVN0cmVhbSgxKTsNCgkJCWludCBpbmRleD1yZWFkSW1nLnJlYWQocmIsIDAsIGxlbik7ICANCgkJCXN0LmNsb3NlKCk7DQogICAgICAJCXJlc3BvbnNlLnJlc2V0KCk7DQogICAgICAJCXJlc3BvbnNlLmdldE91dHB1dFN0cmVhbSgpLndyaXRlKHJiLDAsbGVuKTsgDQogICAgICAJCXJlc3BvbnNlLmdldE91dHB1dFN0cmVhbSgpLmZsdXNoKCk7ICAgICAgICANCiAgICAJfQ0KCX1jYXRjaCAoRXhjZXB0aW9uIGUpew0KCQllLnByaW50U3RhY2tUcmFjZSgpOw0KCX0NCiU+DQoNCjwvYm9keT4NCjwvaHRtbD4=', 'Gopinath', 'Rackspace', 'VM1', '-751b38c7fb034896fb795688b1d1fb7fc6e9fa2c', '[B@1ecfcd9', '1', '05/03/2024   16:56:53');
INSERT INTO `memcons` VALUES ('2', 'tmksmanju', 'connect.jsp', 'Rackspace', '480', '39520', '04/03/2024   14:00:47');
INSERT INTO `memcons` VALUES ('3', 'Manjunath', null, 'Rackspace', '0', '60000', '04/03/2024   15:24:12');
INSERT INTO `memcons` VALUES ('4', 'Manjunath', 'Android.txt', 'Rackspace', '944', '59056', '04/03/2024   15:24:45');
INSERT INTO `memcons` VALUES ('5', 'Manjunath', 'Cloud.txt', 'Rackspace', '508', '58548', '04/03/2024   15:25:16');
INSERT INTO `memcons` VALUES ('6', 'Manjunath', 'ecom.txt', 'Rackspace', '1024', '57524', '04/03/2024   15:25:30');
INSERT INTO `memcons` VALUES ('7', 'Manjunath', 'wsn.txt', 'Rackspace', '1396', '56128', '04/03/2024   15:25:43');
INSERT INTO `memcons` VALUES ('8', 'Kamalesh', null, 'Windows Azure', '0', '60000', '05/03/2024   16:37:11');
INSERT INTO `memcons` VALUES ('9', 'Kamalesh', 'Connect.jsp', 'Windows Azure', '472', '59528', '05/03/2024   16:38:57');
INSERT INTO `memcons` VALUES ('10', 'Manjunath', 'Search.jsp', 'Rackspace', '7100', '49028', '05/03/2024   16:40:16');
INSERT INTO `memcons` VALUES ('11', 'Gopinath', null, 'Rackspace', '0', '80000', '05/03/2024   16:56:04');
INSERT INTO `memcons` VALUES ('12', 'Gopinath', 'Images.jsp', 'Rackspace', '1860', '78140', '05/03/2024   16:56:53');
INSERT INTO `owner` VALUES ('1', 'tmksmanju', 'tmksmanju', 'tmksmanju13@gmail.com', '9535866270', '#7847,3rd Main,Rajajinagar', '05/06/1987', 'Rajajinagar', 'Rackspace', 0xFFD8FFE000104A46494600010101006000600000FFDB00430008050607060508070607090808090C130C0C0B0B0C1811120E131C181D1D1B181B1A1F232C251F212A211A1B2634272A2E2F3132311E25363A36303A2C303130FFDB0043010809090C0A0C170C0C1730201B203030303030303030303030303030303030303030303030303030303030303030303030303030303030303030303030303030FFC0001108006C006C03012200021101031101FFC4001F0000010501010101010100000000000000000102030405060708090A0BFFC400B5100002010303020403050504040000017D01020300041105122131410613516107227114328191A1082342B1C11552D1F02433627282090A161718191A25262728292A3435363738393A434445464748494A535455565758595A636465666768696A737475767778797A838485868788898A92939495969798999AA2A3A4A5A6A7A8A9AAB2B3B4B5B6B7B8B9BAC2C3C4C5C6C7C8C9CAD2D3D4D5D6D7D8D9DAE1E2E3E4E5E6E7E8E9EAF1F2F3F4F5F6F7F8F9FAFFC4001F0100030101010101010101010000000000000102030405060708090A0BFFC400B51100020102040403040705040400010277000102031104052131061241510761711322328108144291A1B1C109233352F0156272D10A162434E125F11718191A262728292A35363738393A434445464748494A535455565758595A636465666768696A737475767778797A82838485868788898A92939495969798999AA2A3A4A5A6A7A8A9AAB2B3B4B5B6B7B8B9BAC2C3C4C5C6C7C8C9CAD2D3D4D5D6D7D8D9DAE2E3E4E5E6E7E8E9EAF2F3F4F5F6F7F8F9FAFFDA000C03010002110311003F00F7C268CFFF005E83FE4D27E98FD280173464F738FE949FA63F4AA3ADEA7169562D3C8371E91A7F79AA2738D38B9CDD922A1094E4A315AB1FAA6A96BA643E65DC8101FBAA3966FA0AE4750F1A5DCAC458C49027667F99BEBE83F5AC0BEBC9EFEE5AE2E9CBBB7E407A01D85415F1D8BCE6B5593545F2C7F13EA70D95D2A6AF55733FC0D47F11EAEE72D7D27E000FE42A6B7F156AF0B02D72B30FEEC88307F2C1FD6B168AF35633109DD547F7B3BDE168356705F723BCD23C616B74CB15EAFD9A4271BB3943F8F6FC7F3AE8C364641C83DFD6BC80D751E10F1034132585E3EE85CED8DCFF0001ECBF4FF3D3A7BF97E7129C952C475D9FF99E2E372B518BA943A74FF23B8CFAFF009F6A33F87F4A4FF3C76A3A7B7F4AFA73E7C5CFE1FD2941F538A6FE9FD29DD3B81F5A004349FA63F4A53D73D31FA527F9FA50004E3E82BCF7C697E6F3576855B315B7C831DDBF88FD7B7E15E85FFEBFFEBD7925D4C6E2EA69CF595D9CFD49CD7CF67D59C69469AFB4FF0023DBC9A9295594DF45F991D14515F207D385145140C28A28A047A67866FCEA1A3C32BB6654FDDC87DC7F52307F1AD3FD3FA5727F0EE66305EC27EEA3238FAB020FFE822BACFE75FA1E02B3AD8684DEF6FCB43E231B4952C44A0BFABEA1FA1EBCF6A5CE3B81F5A4FF00F5F3FCE9C3A5769C821EB40FFEBFFF005E83D7F5A4FEB4007EB5E4F7D07D96F67839222919013DC02466BD63FAD709E3AD3DA0D416F54663B80031F4703FC07E86BC0CF68B9D18D45F65FE0FFA47B593D650AAE0FED7E8737451457C71F52145145020A28A544691C246A5998800019C9A3703B4F8790EDB4BB9F3CC9204C7A6D19CFF00E3DFA57543FCE7F9D52D12C7FB3B4C82D4E0B2AE588EEC793577AFF9EB5FA26068BA1878537BA5F9EA7C3E2EAAAD5E535B30EBEFFD69719E700FB9A4EBEF9FD69C0647AD761CA21EBFD293F5CFEB4A7F9D27EB9FD6800FD73FAD41A859C37F6925BDC2EE4718E3AE7B63E94FB9B886DA1796E2411C6A3962703E95C95EF8D5BED6A2CADD5ADD4FCC64CEE71EDE9FAD71E2B154284796B3DFA1D586C3D6ACEF496DD4C0D6B47B9D26E3CB9C6E8C9F92503E561FD0FB550AF4DB1D474ED76D4A0DB2640DF0C8395FC3FA8AC9BEF055AC8C5ACEE1ADFF00D961BC0F61CE7F9D7CD6232872FDE611F345F99EF51CD147F77895CB24711457467C15A90E93DA7E2CDFFC4D4F6DE08B9663F6ABB8A31D846A5F23F1C62B816598B6EDC8CED7986192BF3A39600B30551927800576DE12F0E35A32DF5FA7EF88CC519FE0F73EFF00CBEBD34F4BD074FD2B32A26E75CFEF6539207AFA0ACAD6FC60903F95A5849D81F9A471943EC31D7EBD2BD7C3E069602D5F172D7A2FEB7FC91E656C5D5C6DE8E1969D5FF5B1D57F9FAD1FAE7F5AC6D0FC476BAA111B7EE6E3FE79B1E1BE87BFF3AD9EBEF9FD6BE928D6A75A3CF4DDD1E0D4A53A52E49AB30EBEFF00D69C3A773F4A6FF9E3FA53BF3FC2B53310F27D73FAD57BFBC86C6D5EE2E5B6C68393EBEC2AC37BD79CF8AF593A9DE98A26FF004580E171FC47A13FE1EDF5AF3F1F8D584A5CDD5EC76E0B0AF135397A2DCAFAE6B371ABDC6E90EC854FEEE20785F7F7359B4515F0752ACEAC9CE6EED9F654E9C69C5420AC90A8CD1B878D8A3A9C8653822B6ECFC59AA5B2856912E1474F35727F3183F9D61D1554B11568BBD39344D4A34EAAB4E299D6278E650BF358213EA2523FA54371E36BD704416D0C7EEC4B1FE95CCD15D8F34C635673FCBFC8E65976193BF27E65CD4355BED44FFA5DCBC8BFDDE8BF90E2A9D145704E72A8F9A6EECEC8C2305CB15642A92AC19490C39041E45771E14F11FDB36D9DF37FA46308FF00F3D3DBEB5C352A332386425594E4107041AEAC1E32A612A73C76EABB9CF8AC2C3130E596FD19EBDF5FA71FCA9C3A75C7D2B1BC2FAB8D574FDD21C5C458593FA11F5FE79AD83F97E15F7D46AC6B415486CCF8BA94E54A6E12DD187E33D48D8E94C91B626B83E5A9F41DFF004E3F1AF3BAE83C737667D68C209DB6E817F13C93FA8FCAB9FAF89CDB10EB625AE91D3FCFF13EB72DA2A9504FABD428A28AF28F4428A28A0028A28A0028A28A0028A28A00D3F0DEA274DD5A2949C44E7649F43DFF0003CD7A683C75C578FD7A7786EECDE6896B331CB6CD8C4F5254E33F8E335F5191621FBD41FAAFD4F9ECE68AF76B2F47FA1E79AC49E6EAF7926EDDBA67C7D371C7E95528C96F98F53C9A2BE6672E7939773E8211E58A8F60A28A2A4AB051451405828A28A02C145145001451450160AEBBC1DAA4367A5C914CE41331603DB02B91A63C8C846D38C8CD75617132C2D4F69139F118758887B391FFD9);
INSERT INTO `owner` VALUES ('2', 'Manjunath', 'Manjunath', 'tmksmanju13@gmail.com', '9535866270', '#8398,3rd block,Rajajinagar', '05/06/1987', 'Bangalore', 'Rackspace', 0xFFD8FFE000104A46494600010100000100010000FFDB00840009060710100F0F0F11101010100F161010101012120F100F0E101511171618151515181D3420181A251B151525312125292B2E2E30171F3338332C3A282E2E2F010A0A0A0E0D0E1A10101A2D2520262D2B2B2D2D2D2D2D2B2F2D372D2F2E2B302D2F312D2E2D2D2E2B2D2D2B2D2D2D2D2D2D2D2D2D2D2D2F2D2D2D2D2D2D2D2D2DFFC000110800D200F003011100021101031101FFC4001B00010002030101000000000000000000000001030204050607FFC40047100002010202060409080805050000000000010203041112050621314151136171810722328291A1B1C1D114234252728392C21516436293A2B2D2536373C3E1333444A3E2FFC4001A010100020301000000000000000000000000010203040506FFC4003411010002020003050605040203000000000001020311042131051241519113226171B1F04281A1D1E1143252C133F1152472FFDA000C03010002110311003F00FB88000000000000000000000000000000000000000000000000000000000000000000000000000000000000000000000000000000000000000000000000000000000000000000000000000000000000000000000000003CB6B2EBC5B59B74A38D7AEB63A7069460F94E7C1F52C594B648866C786D6797A9A5F4D5DED8616B4DEE492A7B3B649CFD181A37E3A91D277F2FDDB75E1AB1D7F56BD4D01A425E34EFE6E5FEA577EF35ADDA1AF0FD59630D3EE3F9230D2F6FB69DE3A897D194F3E3DD5135EB22BDAD8F7AB6E3F54CF0959E9AFA3A9A33C2255A5354AFEDDC3FCDA716BBDC1EF5D717DC74B17134C91BACEFE4D4C9C2CD7A3DF595E53AD4E35694E3529CB6C65178A7FF003D46C44EDA931313A95E4A000000000000000000000000000000000000000784D76D65AB2ABFA3AC9BE9A5B2B558BC3A24D6D8A7C1E1BE5C372DBBB5F3E68C71B96D60C3DEE72D0D13A12859A4DA556BF19BFA2FF757D15EB671B265B65EBD3CBEFABA34C733D1B75AEA4F8E1D4B618E750D8AE3AC34EA4DF335EF91B15AB5EADC496E934CD7E569E6CB5A567AC25DC42AC7A3AF08CA2F8E1BBAFA9F5A1116C73DEC73A963C9C3EE3DDF4695AD7AFA22B2AD45BAB6951AE929B7B3BF94B94BB99DDE038F8CBEEDB95BEBF272388E1E1F56D1D7D4EE2953AF4A59A9D459A2FDA9AE0D3C535D475E277CDCBB44C4EA5B24A000000000000000000000000000000000001C7D6CD31F23B3AB5D619D2C9493E3525B23B38E1BFB132B69D42F8EBDEB69E1356ADBA0A7D2D478D7B8F1A5296D962DE383EBDB8BEB679BCDC4FB6CF31E11D3E7E32ED63C3EEFD5D193E2F7936B69B110A2A4CD5C99192B0D5A95791AF3CFAB3C554345A257DB1689895B6DAB49292746A2CD09A6B07D7C0ADA66B317AF586BE7C7131B6C783DBD95ADE56D1D39370A98D4A0DFD64B1D9F6A2B6F5C3ACF53C1F111971C5BCFEAF3FC562D737D28DD69000000000000000000000000000000000003C0784CA9D257D1F69F46739559AE696115EA753D269F1B93D9E2B5A3C225B9C25772E76919E33C384525E9DBF03C9E3E557A2C31AAED4464F9BF4B2D3695E6213814D9B4E51B46C711B36C5C49895B6C376DE2B717894AAD3F57A2AF63791D8E138E6EB4A4A587A33AEF3A5D9193536A7CA7FD4FFA71F8AA787CE1F5F3D1B8800000000000000000000000000000000000F9D6BD6CD2D60DEE74E4976E33F8A39BDA71BC16F97FB6FF0005D7F3695DAF9C9777B11E62B3EEBD0639F7218C62426656460429B67906D1B62E013B612892B44AA922D12B44B475C7FED682E2E4B0FE1BF8A3A1D95FF2DFE5FEDCDE2BAFE6FB1515E2C71DF82C7D07A8701980000000000000000000000000000000000F03E156DE5156779158F4151C65E761258F56306BCE35F89C717A4D67C771EADAE16DA968DCE1250AB1DB19A4D3EA6B15EA3C6EA6B3359EB0F4186DB8D2B8221795D1890A4CACC842BB632884C4AA9C4B2F12AD53CCD2E64EF4B77B51B69693A5F29D2165671DA94A2E6B945B5297A2106FBCED764629EECDE7C67E8E57157D43EBC7A071800000000000000000000000000000000001A1A774646EEDAADBCB62A91C14B7E49ADB19773499131B8D2D4B77676F97680B8953954D1F70B2D4A4E518A7DB8B8A7EB5CD33CD76A70B35B7B5AFE7FBBB7C3E5DC72759D371783EE7CCE4EF6DD8B6D640856572442932C2682D0A248B2F0C6E6BC2DA9CAACF7F05C5BE11464C58AD9AF14AB1E4BC6BE0DAF065A26739D5D255978D573428E3CB1F1A6BAB628AEC7CCF61C3628C74888E91C9C4E2B2F7A74FA11B0D400000004360632AB15BE515DE80AA57B496FAB4D76CE2BDE0553D2F6CB7DC505DB569AF7814CB586C56FBCB55F7F47FB80AA5AD3A3D7FE6DB7756A6FD8C0DBB0D2F6D5DB546E28D56B6B8C2A42524BAD27881BA0000000000000005377754E8C2552ACE34E1158CA52692444CC4754C5666750F926B6E93A7A4AE60ECADEA3A94F63AEBC57522B7631FA293DD26D3353364A6BDEE9F56F61A5A91D53A3B58306E85D274EA47C57292C137FBDC9F5EE385C4F674C7BF879C797DF5FAB7E99A27AF29776118B58C649A7BB8A3953B8E52D8EF79B3CAC2370874F9B1B4EDA3A434AD0B75B5E33E115B64FE06C60E172E79F763979F8297BC57FBA5E76A5ADD5FE6ABE2C611FF00A7093C13FB3CFB5EC3B15BE0E0A3B9D667ACFDFD1AF68BE4E7E1E0F5DA075FD518FC9EFA8BA32A51C212A70F164A2B64722DDBB04D6C7D475F0E7AE4889ACEE3E0E6E6C1DDE6E456D6AD27A46ACA1698D0A4B84304E2B839D46B1C7AA3877EF361ACBFF426957E5693947A957B97EC023F56EFDF95A56AFE3B97F98087AA772FCAD2955F7577EDA8063FA9537E5690A8FEEA6FDB5007EA1D37E55E557F7497B6604AD40B6E35EB3F329A0338EA0DA7F8B70FF82BF2816C7516C97D3B97E7525F9021647526C57F8EFB6A25EC88162D4DB0FF000EABEDAB2F701CDD60D57A5428BBBB4954A356DF0A9E5B96CC76B8B7B5358E212FA26AC692775676F70FCAA91F1F0D8B3C5B8CB0EAC53207500000000000034F4B693A56B4675EB4B2C21F8A4F8462B8B644CEA36B56B369D43E557D775F4AD4E9ABC9D1B483F9BA69ECE5E2FD69739772391C671DECE7BB5E76F2F2F9BA9C3F0DBE50EE5AC234A9AA74A2A9C38A5E549F36F8B34EB169E779DCB7231D61AD7FA3A95758548E2D6E92D938F63F7196992D4E89B522DD5C67A02BD278DBDC34BEACB18FB314FD065B64C593FE4AEFEFD58BD95EBFD9263A4D6CC612EBC69182787E0E7C27F54EB37DE984AD2FEA6C9D6505D4F07FCABDE23FA4C7FDB4DFDFC53ECF35BACE9759E81A5079A6DD596FC65E4E3F678F7E2532F1B7B46ABCA1969C35639CF3746ACDA58A7861BB0D981A1BDCF36DD6BB979DD6BBE753A1834B182949BC36BC704BB3733B5D8F862B17BF9EA1C5ED588ADEB48F9BDEE85B28DADB52A715849AC66F8B961E33EF7EA48ED390D9CC04E6018813880C409C406204E20310256D0395AE170A958DCB7F4A2A9F7CDA5ECC40F59AB365D0595AD1C3070A70CDF6DAC65FCCD90974C00000000010DE1B5EC480F92E9CD22F4ADE3F19AB1B5C70C314A7FBDDB2DB8725D6CE5F1FC5FB2AFBBD67A7EEE9F0BC3EF97DFC962AAA53845251845C5420B628A470F1D7DEDCF399EAEF4638C749D3A66F3506C6C60D94995A215C998A6CB4430948C5365E215B6629B2D10A2E25C0523C59691E2F3AA1D35FD386F59E117F663B65EC91EA780A777057E3CFD7F8798ED1C9DFE22DF0E5E9FCBE99712DA97D54977EF371A2AB30139809CC033013980660273013980CE116C0BE2B003CD6B5C7A7ADA3ECF7AAF5D4E6BFCB8B517EA72F404BE944000000000003C8784CD30E85A74307F3974DD3586F54D2F1DAEDC547CE31E4B6A19B053BD6DF93C8D3B756F46141795E5D57CE6F8777B91E53265F6D927278748F93D2F098BBB5DB18BC1A7CB69113A6E4C6F93B14EAA924D71F53E46E45A2636D0B566B3A9436566C443093314D978856D9866CB44306CC7365A2184E5822B11B5E236D49CF7B7DACCF5AEF510C933158DB435168F4B7AEA3FA2A537DB27F0CC7AFAD7BB58AC783C55ED36B4DA7C79BDB4EAE2DBE6DB2CAA338139806602730139C09CC04C5B7B80D8853E7E8E005A98072C136070F4453E9F4EE3BE363470EACED61FEECBF084BE884000000000003E5BACB5FE55A6B26FA76715D98C52937F8E515E69CAED3CBDCC56D78F2F5FE1D2E0E9D3D5A95AA6694A5CDE270EB1A8D3D256BDD888604A56D1AAE2F677AE0C98B4C297AC5BAB6E37317D5DA4CDD8271CC25CD73462B58D4B0725CCC73332B442B9545C045578AA996D324725E3934B4B4F2D0A8F9ACABCED9EF37381A77F3D63F3F4E6D5E3B277387BCFC35EBC9B7A854B2D1B8ADC64D417A305FD523D43CA3B79C2139C09CE04E70273816422DF002E852E7B40BD3C009CC0330129AD98EEE3D8B6BF52039DE0B21D2FCBEF5EFAF5B2AC78258CFFDC4BB884BDE8000000000007C6B4256E9257F74F7D59BC1FDB9393FEA8FA0F3BDA97DDE95F9CBBDC153DE85A68BB2C922B32864911B42702BB46D3811B46D380D9B301B368C06CDB8BACD53085387D66E5DD15FFD1D9EC8A6EF6BF946BD7FE9C9ED6C9AA569E73BF4FF00B7A5D096F2A76142383C6A6351F63DBF9BD4779C15EA12E4C0C952972F5A02C8D07C5AF6816468AE2DBF50174525B92033CC0330139809CC04E603434FDD74569733DCF23847ED546A0BFA981DFF0007D67D0E8DB6586DA91759F5F492725FCAE3E8212F440000000000D5D2B51C2DEBCD6F8D3AB25DAA0D913D135EB0F916ADC70B19F5D5F6460799ED09FF00D88FFE7F77A2E0BAFAAE8D48B9C6962B3CB7478BD8DFB99AFDCB7726FAE51E2DFB65A567BB33CD765C3672316D6DA522B328DB248AED0CB02368DA7006D180D9B434366DE674EFCE5CC292FDC879D27FF28F4FD934EEE0EF79CCFECF3FDA77EF66D7947F2FA15D611C94D6EA718C7D589D37354A98139C09CE04E702738139C09CE0338139809CC07035D66E746DEDE3E5DC56C175E5F157F34D7A00FAA5B5154E10A71D91846308AE4A2B05EC212B00000000001AFA428F4946AD3FAF09C3F145AF7912989D4BE41AAEF359558F18CF37738C7E0CF31DA51ACF59F38FDDE87839D4B5EA3CB7F6B2E6E31F4C9C7F319717BDC2648F9FD2253C5F2CD5976AE178F3ED7ED39513C9BD49F7618A42646691546D9288DA36369715E944C5667A42BDE8612AD05BE705E744B462C93D2B3E92AFB5A478C7AAB95DD25FB5A7F8E3F12F1C3E69FC13E928F6F8E3F147AC3CF68A92A9A46137865E93375654F05EE3D770D8FD9E1AD7CA21E6B88BF7F2DADF17B7BD93E9678EFCCFD18ECF519D854A992273902738139C09E90912A640C937C9FA00C9297D597A18192A73FAB2FC2C0C9C1A4E537D1C56F94B67AB881C6D06BF48696A32827F27B24A59B86C6DC5F6CA78774584BEAA400000000000007C8E143E47A4AEAD27B29D76E54B93526E504BBA528F6C4E1F6B6099A77E3F0FD25D7E132F47375829BA55EDA4FE8C93C79A538B307013DFC592BF0FAC4B6F8BB44CD6D0EEDDC7E727DBEE39159E4DCC73EEC308A0999736F6E2BCEBC2D2D92E926B172786C5863C762492C713B5D9BD9F4CB4F6B939C7847EEE571DC65F1DBB94F56F4351AA4B6DC5DCA4F8C60A524BB2527EE3BB4C54A72A5623E50E3DF25EFF00DD3323D44B75FB5ACFF84BF29936A317A996CBE9D77E753FEC021EAA5AAE151F6CFE080E1691D1756D6B7494A32953DF16B1938F38CB0DBDE12DF8EB7D5C1276F09B8ECC66A4DAEAC5013FAD55F859D2FE1CD84256B3DDF0B387F065F00256B1DFBDD6B15F70FE004FE9ED26F7504BEE52094FE98D2CF7534BEEE0BDE109FD23A61F0C3F84BF3049F28D32F8B5E7515EF01974C3FDAB5E7C3DC0685FDE5FD24DD4BC8A7F5155529BF352F681D4D01AAB7BA4A946BD5B970A126D2CD9A552693DAD4762C31C76B7C3701F4DD05A16859515468C705BE527B67525F5A4F8BF5103A200000000000003CDEB9EAB46FE9C5C64A9DC52C7A29BC706B7E4961B70C78F07DE9D2F4EF432E2C9DC9F83E5BAC8EEE0A146EE94A13A4E596A35B2A2696E6B64B72DA8E7E1E0EB82F335E5BF0FD9BFED7BF0F4D70F19297D68C65E94798D6B70EC629DD111416972EEA95C50BA8DE5BC63524960E0D63F472BD98A6D35C9E2777B338FC54C7ECB24EB5E3E1CDC7E3B85BDAFDFAF36F7EBCD45B2A594D3EA9492F4381DAAE5C76E9689FCE1CB9C778EB13E8AE7AE937E4D9D47E7CBDD02672D23ADA3D60EE5BCA7D14CB5A6E1EEB29FFEC7F90A4F11863F1C7AC27D8E4FF19F49572D3D78F759B5DAAAFC0ACF19823F1D7D6168E1F2CFE19F456F4B5FBDD6D15DB19FF714FEBB86FF00385BFA4CD3F8658BBFD22FF6305DDF19959ED1E1A3F1C7EBFB2F1C1679FC3F4517FA42FE8A8BA918414B1CBB212C70DFB9BE65F171B872CCC52DBD7C27F652786CB1D63E8E8E89D1DA5EEE9AAB494553979329AA70CEB9C5358B5D66CC5B6C36ACD6752DF5AA7A69FED6847CE8FBA993B4338EA56977BEEADD764EA7BA98162D43D24F7DF41764AB3F720325E0EEF5F95A45AEC559FE70335E0D6B3F2B48CDF9937EDA840C9782E8BF2EF6AC97FA697B64C0EB68BF0756145A94A33B86B6FCEC9387E08A49F7E207AD8452492492492496C492E0901200000000000000000F39E10747BAFA3ABA8AC654B0AD15CF23C65FCB98A5E370CB86DABC3C5688AEABDAD292DB2A6BA39AE3E2AF860FBCF21C663F659ED1E13CE3F377F87C9CB4D989ACD995B144292B62555995890576892044AB92256855244AF08A54B33EA5BC4CE8B5B50E6DC52F96E93B5B58ACD0A7252A9C5654D4A78F9B14BB59DFEC9C135A77A7C7E90E67177EEC6BEF9BEBA961B0EEB8E90000000000000000000000000000000181F29D61D1353455CCAE2945CACAB3DB15BA936FC87CB06DE57D781CDE3783AE6AEBD27CBF874787CFE6DBB5AB4ABC7A4A524F9ADCE2F935C19E632E2BE2B776F0EAD32EE16646B7A31AFB8967121595A985651260854D05C541BDFB113B3BFE4E5699D34A97CC5059EB4BC54A2B338C9ECDCB7CBA8E8F09D9F6CB316C9CA3F596BE4CD15F9FD1EB7507561D9D3956ADB6E6BF97B71E8A18E3931E6DED6F9E1CB13D463A4561C5CD97BF2F5A646100000000000000000000000000000000030AD4A338CA138A94649A9464938C93E0D3DE0DE9E0F4C783BC26EB58567427BFA29B964EC8CD6D4BA9E3DC6BE5E1EB78D4C6E3E2DAC7C4CD7AB875AAE94B5D95ED25522BE9C22E4BB5CA9E2BD291CACBD9149FEDDC7EB1F7F9B769C5C4FDE95435BE8EE9D2A917C70C92C3D2D1A56EC9CB1D2D1FAC33C678F8AF8EB4DAFF0098BCCF8331FF00E2F3FC3D53EDAAC67AD76CB8547E6C57B5968ECACF3D663D7F847B7AFC554359E555E5B7B6AB565C92727E882667A7647F95BD214B71111E1EADDB7D01A5AF3CBCB6949EFCCF2CF0EA8AC658F53713A783B3B163E711CFCE79B5B2717F1F47B2D5AD4FB6B1F1E29D5AD860EB4F0C573505BA2BD7D6CE856910D1BE5B59E84B3180000000000000000000000000000000000000001557B5A73F2E9C27F6A3197B4262661A32D5EB27B5DA5B3FB9A5F023BB1E4B7B4B79ACA3A16D61B616D423D6A9534FD835089BDA7C5BD18A4B04925C96C44AA90000000000000000000000000000000000000000000000000000000000000000000000000000000000000000000000000000000000000000000000000000000000000000000000000000000000000000000000000000000000000000000FFFD9);
INSERT INTO `owner` VALUES ('3', 'Kamalesh', 'Kamalesh', 'Kamalesh123@gmail.com', '9535866270', '#8928,4th Cross,Rajajinagar', '05/06/1987', 'Rajajinagar', 'Windows Azure', 0xFFD8FFE000104A46494600010100000100010000FFDB008400090607131210151113131013150F0F100F101010120F0F100F0F1511161717111515181E2820181A251B151521312225292B2E2E30171F3338332D37282D2E2D010A0A0A0E0D0E1A1010172D251F252B2D372B2F302D2D2B2D2B2D2D2F2D2F2F302D2D2D372B2B2F2B2B2B372D2D2D2D2D2D2D2D2B2D2B2B2D2D2D2D2F2B2D2E2DFFC000110800CC00CC03012200021101031101FFC4001C0001000105010100000000000000000000000502030406070108FFC4003E100001020305060404040503050100000001000203116104122181F005314171919206132251073242A152B1C1D114233362724382B25393A2C2E115FFC400190101000301010000000000000000000000000102040305FFC400221101000202020202030100000000000000000102031104311321126132415142FFDA000C03010002110311003F00EDD76835925DA0D64976835925DA0D64892ED06B24BB41AC92ED06B24BB41AC902ED06B24BB41AC92ED06B24BB41AC902ED06B24BB41AC92ED06B24BB41AC902ED06B24BB41AC92ED06B24BB41AC902ED06B24BB41AC958B75AA1C186E8B14B18C86D2E7BDC406B40C9715F17FC5C8B15CE8562021431879E40316255A08930753C9076D8F1D8C137986C1EEF7068FBAC077886C80CBF88B2FFDE86BE618D697C575F8AF7C471332E88E2F3F757E0841F4D42DB76577CB1ECC794587359D0DC1C262E11EE08217CC90872529B3AD71211BD0DEF61FEC716FD907D1376835925DA0D64B98EC1F1F45649B68608ADFC6D01B1057D9DF65D13675BA1C7608908B5CD3EDBC1F622581419576835925DA0D64976835925DA0D648176835925DA0D64976835925DA0D648176835925DA0D64976835925DA0D6481768DD64976835925DA0D649768359205DA0D64976835925DA0D649768359205DA0D64976835925DA0D649768359205DA0D64976835925DA0D649768359205DA0D64976835925DA0D649768359205DA0D64BC7900126E8001249DC00DE57B7683592E7BF1AF6E1B3ECFF0021840896E779008DE216F887A619A0E5FF00137C72FDA31CC183316582E9436B667CF78FF55DEE3D867C56A0C691BC11CC494858CB61890CCF12B2BCF070323CD0604159B05786034FCA654DE15D8504D106559DB320296B359D6058E180412771DC16DD606B4805B77F54162CB6071FA7AE0A7763428D01FE642BB3FA98665B107B11FAAA60B792D8FC3D158D26F86E68364D996D6C665F0002307B0EF63B88382CBBB41AC96AF65B5016F688605D8AC7078E1862D77E99ADA2ED06B240BB41AC92ED06B24BB41AC92ED06B240BB41AC92ED06B24BB41AC92ED06B240BB41AC92ED06B24BB41AC92ED06B24095024A81254092A04492A0495024A812540812A0495024A812540812A0495024A812540812A05F3FF00C77DA05FB4D907859ACACC07E38AE7389E818BE809502F9AFE2E63B66D14F240E5E4B3F74435263CABEC71544384564B60994D0550DC54E785ECEE8B6B830DB39BE20048DE1BBDC7A4D42B02EB7F0CBC386143FE2A2364F8CD9426BB02C85F8A5C0BBF241216AF03B49F4C469A4584C71EACBAB147822234CDAE842AC74567D8CD6EE0502AEED020D361786ED2DFAD99B81FFD165C3D871FEA8B0C7294FF00E2B6670A058D1D94083DF0DECB6432E760F7918BCFE8A7A540A2363FCC448297950204A81254092A0495022495024A81254092A04095024A81254092A04095024A81254092A04412A0495024A812540812A0495024A812540812A0495024A812540812A05F3C7C61B2DDDB2FC3FAB0ACF10566D2CFCD857D0F2A05C7BE3B582EC6B35A8012BAF80E97BB4DF6CFAB907396C100818927735A0B9C793462565C1800CC711810410E6D083885D33E196C8F2AC6CB5DC6BE3DB47985CE97F2A11F9183D84A4799521E2BD842D90DCF6318CB5C0C5B290119BFF4DC7883C0F02839BF80F6236D16E0C88270E035D1A23783AE9935A69788E8BB537937F6A2D0BE1AD81EC7DAA24486F864BA1C20D88D2D20E2E329EFDFBC2DF21E482FF4570720B0ED1183470584FDA6E1B9A332D08261E28163C7C962C1DA20C9AE1749DD31813EC08C163ED7B6186300093B904B6CB1EBDC315332A05A9F85633DEE25F2A516D8050204A81254092A04950204A81254092A04950204A81254092A04950204B924B9276A76A04B924B9276A76A04B924B9276A76A04B924B9276A76A04B92D53E27EC6FE2B66C56B402F820478606F2598B9A39B6F05B5F6AF1CD98910D91C0F241CFBE185B845D9904094E00759DE0EF058640E6DBA7353D63712F70781799B8EE9B095CFECB1BFFC7DAD12CF124DB35B1ED731C7E56171F43B94E6C392E95E4FAAFC862D027C2482DDA786E5E43C955681870C15B8471E082CDBA1120CA40FBA866ECF74F192D91CDE4BCFE1B09FA504732CBE82309CA6398C47E4B2AD9660F6B5D218807A89ABC192E015FB3B27088C3D048C8198FB140D87650D999378297972589B31BE8270C5C7ED82CBED4097249724ED4ED4097249724ED4ED4097249724ED4ED40ED4ED4ED4ED40ED4ED4ED4ED40ED4ED4ED4ED40ED4ED4ED4ED40ED4ED4ED4ED410FE23D990A2B0447C384F7C13386F731AE7326719123058F04CD8376E52FB4FF00A4EF9777EAA16CE7D3C1065B24F66E6DE660F1EE3DD618C0F0C1531A239844564896FCCDFC4D5902EC56F9B0AE91F5378B4F2503DBDC95D86EC382C46BB92AC3F0E082B7BB1E0A9114804097AB87B9DCACBE24BD955B34DF8AD18481BC79347EE420D82043BAD0DC30002AFB53B53B54876A76A76A76A076A76A76A76A076A76A76A76A0744E89D13A280E89D13A27440E89D13A27440E89D13A27440E89D13A287F10F8821D9593716B9E47A218DE6A7D82B56B369D422D68AC6E67D30BC5DE22856774382FFF005A6E739A2F796C1B9CE031912ADD92335CD0E6B98E07739A4105739DB16C36A8A62C52038C802D1835A37348E23EEA3230B4D9C88901CF038BA09BCD3FE4CFDC2E99305F1F70E38B938F2FE32EBE5DC9435BE0C582E31ECE6477BD83106B2E2B48B07C448CDF4C686C892DEE1FCB7663729A81F10E01F9A1C56F2B8EFD42E2EE9883E3384EC2343BAEDC5F0F71E614D93300B6F488044D8EDC78AE71B5F6E592399B21C5111C77B6E36F1AB6666BA36C4F1541F2A1B221F2DC18D69BC0DD240960E0AD1599EA15B5AB5EE569B6388F38349C8B4757494CEC8D986112E25B32D948632C4138FBE0167C1B431E26D731C2841573A2858E89D13A274501D13A2744E881D13A2744E881D13A2744E881DA9DA9DA9DAA43B53B53B53B503B53B552E7CBF0AC7896B038B506576A76A8D7ED2038B5437883C4A2143E1370F4B78BAA7D87E6AD4A4DE750A5EF5A46ECCCF12788D9676100B4B8E038E341C572CB7DB5D19E5EE3327DF1545B6D8F8AF2F79993D00F60B1E6BD7C18231C7DBC3E4F26D9A7E954D570A316EE3FB2B3349AEECCCB891A1BFF00A8C63AAE6B5FF73EA1D5587582CA7E860E5E78FB5E56A6BC9AE33831CF70EF5E465AF56664074185FD36341F70089F37125CA88F6C738EF97B01800B1669357AD2B5EA14BE4BDFF29485876BC58466D765FF00D5B6EC9F1B38C9AE709FB44181E4E5A0CD79354C98697EE1D31723263EA5DB3676DD6C4C1C0309DC77B4E6A5FB5721F046D1736D0D8666F6BBE9DF76B40BA943B7B3CCF2C16E230A11F4EBD97979F178EDA7B1C7CDE5AEE599DA9DA9DA9DAB8B41DA9DA9DA9DA81DA9DA9DA9DA813E493E493E493E4813E4A988F90FA5553E4B1ED670E08232DF6F9710A163DB89E2155B45C67C1460735D1031E45C630C68A38B98DDD0FF00DC70E5356A57E53A56F6F8C6D7AD16E10E1F9CF962270619FAE5FEAB87E19EE1C56916EB63A2BCBDC6649E2A5B6EC77C725D84C99DD1800D1B9A281403B0C0AF5B0638A47DBC3E4E5B5EDF4F6693544D7935DF6CDA5735E4D5379785C9B34AA6BC9AA6F2A6F28DA74AEF2F0B953357ACF647BF10001C5EE21AC1FEE2A265315DAD5E59DB3765C48D88BAD637E78B10DD86D1CF89A0463E042E1FC43C7364007FE4FF00B0566D7B422C72038CC0F961B406C360F60D180559B4CF4E91588ED32EDB10ACCC30AC9EA7BBD312D4E189A30700A4BC1F69730FADD370788A2666409FAB3C56B565B386E2644FD8290B05AAEC56E3BCDD3C8AE192B13598868C5698BC4CBB403FE293E4B176546BF021BA6265801E6303F70B2A7C9796F649F249F249F249F2409F249F249F249F2409D424EA1275093A8409D42A22B663E955CEA12750835EDA362E4B9EEDED9719D13CE6B806B8B98C01D27110CC899739AEA9B46306B4925B8027A05A0DB637A21098C20879FF00288E73CFE6168E37AB6D97971135886A62D91186EBC75C0AB8F7B620E1FA852B696B5E24E00FE639281B5D98C333070E07DA857A359DBCAB56616A209192B902CAF7FCAD247BEE1D4ACCD950D91092E912DDCD3C6BC94B98BC92D935E915C5BF6833B262FF006772B116C311BBDBD2454F3A37240D71DC3AE0ABE49FDAFE289E9AD163BD8F42AA104FD4437A97740B641673C5C072C53C968DF8F35139A168E3CB5E6BC0F961DE3F8A209FFE3BBACD54E831A2EFBC7DA7801C86E192D82FB46E0D192B6FB4F255F2FF00216F047EE5130B643BEA2394E4B2D963BA240B0729AB8FB4AC77DA6AABF3B4AD18E90A9D03FB87458B1D85B27020DD703EDC51F6AAAC4B5DA66D3C9373A222BB75FF0009ED19C1BA48F4B8FDF1FD56C8C7CF8B573AF05BDC61876EBD294E81740B21C3785E75BB97AD5EA17E75093A849D424EA14249D424EA1275093A8409D424EA12F546B34BD51ACD124EA15B8D12437B55CBD56EB351BB4A3C86F08840789EDE44189223E4701CCE0B56DA517F98461E80D60FF6B40FD1487886D13B8D98F5C6860FF8875E3F60A0BD4F25D8624924D4AD9C78D576C1CA9DDB50F1F1792B0F37B0DF3E0B2C4168DE67F92F4C603748725DBE7FC67F1FF50F0AC7118F9821B2DD33BC7B494EC2634806739E4A3ED31A63860AD58AD4665B3F7EB2FD945AD364D695AA66F81BAE856DF68A851EFB4D5587DAAAABF15FE4907DA6A1587DA6AA3A25AAAB19F6A568AA937493ED35561F6A51AFB4AB0E8EAD15566C907DA9587DA1620713BBAEE1D5486CCD8B1A39F4B70E2E74DAC1FBA4CC57B94562D69D4431C3C9FD49C0052FB13603ED0E04CC4318973B0BF468F65B4EC5F07B19273C888E1BA63D0D346ADD2C5B3C0FC2B2E4E46FD55B717175EECC7D91B3C31A00BA0340002D821890DED54C2601C5BACD5C9D5BACD666C275093A84BD51ACD2F546B34493A849D425EA8D6697AA359A05EA8D6697AA359A5EA8D6697AA359A21E39D56EB3503B622D429E71C37B759A80DAD0C9E21068DE2624063F78638DE970044A7F75802D22581125B4C6813983220E04280B6F87E78C37069FC2772EF8F2C447C659B2E1999F9551F12D150B1A25A6ABDB46CDB4377B2F55A66A3A3418A37B1E325A6B6ACFED92D5BC7F995E8969589FC496BDAE14EA0CC2A0C1887E87F42ADBEC519DBA1BF03EC54DA6BAED5AD6D33D4A576AC4BAFC373DAD88DE4E139759A8D7DA94CBB65BE341840B6235F0DAE6BA50CBA6278624855C0F09BCFD0F3FE6F6431D04CA8F2D23F69F0E499F50D71D1D21B5CFF9413C860335BBD97C18EE26033934C577571929AB2F8361E17DCE892E0E326768C15679358E97AF12F3DB99C3B138991227F859388FE830FBA9CD9DE138B13E90C1F8A299BB260C02EA161D86C8624C6C368FED002948360038B759AE36E4DA7A68A71291DFB691B2BC1D0984177F31C38BE574726EE0B6CB26CD025F2E1C24A5E1C1038B759ABA39B759AE13333DB4C56223510C78366038B759AC81CDBACD7B3A8D6697AA359A8497AA359A5EA8D6697AA359A5EA8D66817AA359A5EA8D6697AA359A5EA8D66817AA359A5EA8D6697AA359A5EA8D66817AA359A5EA8D66A8F34D13CD34509D2BBD56EB35623410EE2DD66AE79A689E69A21A45C6D9C0F16EB358AFD9951ACD4E98A68BC312810D35E76CCA8D66A91B36A359AD8AFD02F03E810D2086CCA8D66AE3766546B35377E813CCA04348A66CD1EE359AC865807BB759ACEF34D17BE69A21A5865940E2DD66AF36181C5BACD7BE69A279A6886950E6DD66BDBD56EB35479A689E69A21A577AA359A5EA8D66A8F34D13CD34434AEF546B34BD51ACD51E69A279A688695DEA8D6697AA359AA3CD344F34D10D2BBD51ACD2F546B35479A689E69A21A577AA359A5EA8D66A8F34D13CD34434FFD9);
INSERT INTO `owner` VALUES ('4', 'Gopinath', 'Gopinath', 'Gopinath123@gmail.com', '9535866270', '#8928,4th Cross,Rajajinagar', '05/06/1987', 'Rajajinagar', 'Rackspace', 0x89504E470D0A1A0A0000000D49484452000000E1000000E10803000000096D22480000008D504C5445FFFFFF3333333030302D2D2D1F1F1F2525252828281E1E1E1B1B1B2222221818181A1A1AF3F3F3F7F7F7FAFAFAF0F0F0ADADADE0E0E0E9E9E9363636D0D0D0B7B7B77C7C7C595959C3C3C3686868464646727272404040DBDBDB505050131313616161A4A4A4878787989898C6C6C68B8B8B5555559C9C9CBBBBBB8181814242429393930000008A8A8A6E6E6E3F146E4100000C0149444154789CED5DE79AA3B8121D2410609B6870C060E3D80E3BFDFE8F77C1EE608C08924A8D7ABE7BFEEDB7BB331CAB544915FEFCF93F98E184C1C2DFBEDD8EC7DBDBD68F02CF1DFA8B20112EFEE609B274DB304801C3B04D7DBA5EEE236FE82F03417449894E30D2AA40081B3A4EF6C1D0DF27886887C7E495DC334F63737DFBBD24DDF3BC95DE27497D150DFDA97CF0AF3AEEA2F700D1E787A1BF961D87ABDE797CDFC056FECB64355C6D18F8DD396E6ECED05FCD8033266CFC4AD8C9EFB98E1716017D3A467B3BF497F743783578F895B0DE7F83A466D39E1A940663AEBE9B1361018285E14854A7188DB8AEE037B0160ECDA115992148B0A098AA7C8AE154986021A87375032B3711BA839F30DE8726D28825879DA7C1BC0DCDA401BE0943B0706FD4F46E825A94CB0D9C2869F973904BF88071199A0D05BE054750D336EAC9A90B27A325F069684235ECB9DD6D3ACCF3D08C5E10762764D88012C5ECFE5FE023D434DD1F9A5305130877AD0ABC1E9A5405BE0E4D50D3C64AA9D335F8111687A8927B1A8DE009163651A1487106E47257612894980257A47728A46B22B0A0A20AA28C98DEA4086911442963126568D212783934B30F04928E5043534592520B09E6FE012B1B9ADB03475967A8CC455C0206F75590DDD0DCEE90E0757F02A9611103292EDB0396121929798A46D3464ABC7DFBB63C86A612150CB23C9A126A28D39534555A8417FBA1D995384953A585DFB61A9A5D094D224335CC859CE0F083E175687625249AC3C2F71E9A5D898D44861A199A5D81895486D6D0F40A8452198E86A6F747AE5BAA06C37FFF0C1DA90CF5A1E99590C910A1A1D99590185A68281D9A5D897FDF6BBBCAF4BCF3A1D99590950FBE3354E2850DB28EE615643634BB12729ED61E30DE866657E24D62F864C743B32B114B341796126FF9D1581EC3CD646876253C79F952A4295136E4A4D2CC059E0F4DEE0179E6420D6321D35CA8912E95692E74450A146595621467A848318627EB0111AD9550A505E692548D2A8A46623D8D123E5B09596FA48622A518C545042DD3FF821A29FD07E4A81A654AA20AECA45C44351E801F90135E6C14A9F9BA438698AAE2763F20434C5512D2424C256853531197ED01073E69AA46AAF41B177031554B48FFFC3980BB35EA14793FE0426B53D584143E0C56A3A2ED1913D8C76E359ED5AA80CDD6A8A6674A64908788882AD1FD3320CBBD0D25670E40C6C1AAA4A0AA70133083419428BAAC23063B444389F26E0AD640375191360B0A22A0D29AB1126F6A54C0A8535B89A76D3A0288E76094AA680B3F011144E9CAE4816900181EA1E0CC8F0AC467B8E8CA24BA1B900BCAA9A9508B3A1DA1D89C1AD565B4442C22A748596FE6192B0139556C644B0326FC05A744A1B79836703B6F68AAAEBB5645CC17EE23FD375CC207F63C71145274D21E1D338EDCA2F92BB4CC174ECC51867D1CFA9BD930612DE753EBB5B00F5873E02A0D14EA878CB1144CADC95E7DE0B2352920ACC4F40426B065F9D568AC60C396E922AAD176C08603D345D417437F2F3B32A6ACD4CFB61DC014EA644C526AFEA04BBAD8C1FC656C67F863AFF6E176BA02CA56B2DD43F4330CA315F90FCCB560D3A53F21A5936DAAEB1ADC857F67F2BDE517268437DB4636E0FE8C1031F934B2DDD2F0880B99B2FE02FE918C9EB75C9FC6DB6103696804F95EE0B0A6F7C7F2544D78D9945F830D509BFBCE9A5224B26A13828B7EFF169C822AB32D7B1BCD48CA7B85BB278FDF9AAC418564CB918942898454E239FD580B63E7908F92CE8CABEC1B5FA16D62361F7F68031DB2FB66E2A79C457C98EC2125C9DBD99F261972E949B69BDAFC8F4F06C963A858DFD7BE7EE80D589ED289D796E02330B6F5D501E0CA0427F3F34390056506B3BF06DF46B95792163A8AEA55FF7BB92402EA0F9BC47313ACFC1211732E22ADE1F2C958C19CA077D36CD81E44AC4F8FBCAA357EDEBEB88168B40D2E1BF165643520B2C9171C37D25B3EAD7E43109DC4D1CA92D5CB8DADEB96D50D58684F5F836C71828BBCEFC2582E207BBA678AE8F6156537122618A752F9DD391AC6AEB71FE02C2BEEA270B4B4482C89E385BE4146B37ED6234B2BF745178CAAA3F9CFF0BB731CCF7A28D6D8A808942EE6AA05EFC0E6A18B23B974DDC79D59F9C56D21673B9C6DC0F8214C6CD3269818B66ED477B07F731CDDDAF4AA9357F3B38648E18A77B3A1EC43E1BDA4F92E8EA22C08B2E8B09DE5A8D9B33550B3EDF092EA27119178D047502D4ED8D2FE462F1FED1D6EEB510349F45F93720CD2AA4CE1357F389D9D40DCEB3BBF754314911D313504D39B8A1922542588F81F099C1DD40544F6BC2DF515AFCDDA5F643475619C5FD79CF33F992F78C3F71A30E932568BBCAA1B357C6AB85AFE6B9599C51BF1BA332801D58C3E99AFB3F6AC1E116E3017B5F5A7366FBB4634056BA2B47B76FDEC8DA740B6C1AFF15FD35E24E7247813DD47FD8DFEDE46987F1E5053185413519CF2C5CEE11C6EB29ECE2245DB876FDF541356AB9C479C235F1608CE47236C8F307777BAA926ACBE82983360BABDAA6301B0EFFA7DD711A61BF0B856AB6B7069197705391382438ADE1A76E71E6A0431D7EC2C6F0ED988CED5B6450F9DB2BA9BBEE1C95E8529641A0670E35F38ADE986318FA90F30681C6883BD4C38D7BA5BC7131206F51F4A048095CEF39A68A12B4740014C90DBDDA8E352B7CF3C956393149420C20D323A59C4DBED39623023941E39AE42F1136CAEB721BB77585AA66D18BA652DFD9ED734AA3F3273ADA4E1E9296801BDE7C79D8DBE0405DBC6B28FA87994C62393434663D8A99D0851C39FBCFA33627DDEED12504651F2C86800FCDC428F0E76358D8137AB0E9D78AC6B19AE55ECC0333BE943830EB41629326D9538DAC4A611878C9E81E7E8E9B4DA3C97DEC987EC960892361096CBE1069E614DDF54D158D06F37A739289DC6087144BDD05B0DA9B7F0DCACCB306E50385B4AA063723C32B950533CBE18523441EB006244A8E5FB01255BCC35172C039EBF86694E717B791FA29E0C6D3C3A570B3FF470325AC9472D4BF68A513DA74A9B686070F5F5418F77A68C790CBBEDADF54A31A468078479E27A97AD86B91388929CE933EAE535DA5A52E49AAF60C6015EA6461909DC6F6E6D357546EB70E0CC1A04C0E69E5C6A7F45CFDE36EB49A352676D513D896E404F5CADB7A6B93D3D0AF46417B7945BC83B301A9C614D2BF65E0C89BFC61078B42770DE05F3D00CEB6310FBAF4DFCBA68478A05E31EBD2F9F21C3DAC48F149A47FB3F6CDE1E18F952EA30B8148F8927B41954FCF315A119927A3B0ECBE4B3F2ED30A0FC248DA9AD9F6748D93E7D60304808B954EB2230223303B687B4D7319A7FD204320B2947DE90F9E985107A41AC51FF96D7229F56609AA32C32E5D4811E5E6D5282BD49CE50FB47FB2FC7229D0BD06B1B0935C289AF22D51D62DBA0A067AC37EC1B71FDC4E4E6C86D0BEF3840AF02301BDED7DD38E5E448F1E65900BE2EAE25C88953AE46225BB0118CE6C70B416FCED9BA5B8E6224E159C30EF8A0FCB630C73BD60BF53A203E37EB0CBD8D9A6630BE91ADD9AE23C480C519B09C22AD5DF7F988457F8F011AF8DDFA4BB918BADEB8C3F7FECF7928112758F81CA085345A8F8A3D7FDC575279F2F834E4C0826A76950B053D8B77E0A629AFF83D0E2AC65D95C12F7D3D4DB0E1864CF80436F93DEE7CE8BBF5086BBA94161342E0E61F7BD9F57171B7DC083A6CAFF011E8833E31BA9444D659A6043DCD66F226D2815E031ABD77E43843AD9DA2843D42DE168195E9975F68AFDA3986EDB55810D6BE06C74FC6E2F3D6BF40ECF676BB568A5CD54F7D101C531D8E24D9ACDA387AF5DACA2F48DC23E42C2EC9D880321F643C6BC976364F3E4753A99B1F9DECEDB4813A4A825B322D51D3CDFF810D26DEE2B626B621365EFE0E644F9B43AAA6B2BA1F1ADB3E89B6EF6B64D92D4D9FFD388E568D32F74675E07E72C3AC1B66FE2E9F8E2CDB10F0ED48F33152B3E23C156C6270BCE8BCBD9CC86664E9255554828522329B2ED684F207C104867C08A345BC9FE5EB249D6A65F772C99710FC0144C3FDDF10B2491A942AA514D85262D0A913065956F0DDEE77B3D5FB7299E7F3F969BD4E926B9A4EA7D334BD5E932459AF4FF37CB95ACD76B75B5330B47F0D50873CC20EB8AEE33893895762329914FFE0B83DA2D8D7C9E7BF633D040B5E1EC3116773A1CAA8F6DFFDC681CA9D78361988A8B4AA1B0ACFC12257E796FA08BEC63ED9BF64490B33C2DC2285F1248D9EC13F80C52CD192D9AFDB2DC0843EB69305FF03B1EFC7D6C2AA26A20000000049454E44AE426082);
INSERT INTO `ownerdetails` VALUES ('1', 'connect.jsp', 'tmksmanju', null, 'eeb2cca9559a3ee1965c638af72b7899cc4bfaa', '[B@174aa60', '04/03/2024   14:00:47');
INSERT INTO `ownerdetails` VALUES ('2', 'Android.txt', 'Manjunath', null, '902d177dba1deedd45dc411b9653401a566ec36', '[B@1ebba10', '04/03/2024   15:24:45');
INSERT INTO `ownerdetails` VALUES ('3', 'Cloud.txt', 'Manjunath', null, '-176bb5f82522c287019cc55d1405a351adc378c9', '[B@6399ae', '04/03/2024   15:25:16');
INSERT INTO `ownerdetails` VALUES ('4', 'ecom.txt', 'Manjunath', null, '323fc204bb04a0ef89d36a2d845b6c562f90f82', '[B@71d29a', '04/03/2024   15:25:30');
INSERT INTO `ownerdetails` VALUES ('5', 'wsn.txt', 'Manjunath', null, '-a4bcddaf1d23c55c5435f94d8df0f1ebedcca86', '[B@9d9edd', '04/03/2024   15:25:43');
INSERT INTO `ownerdetails` VALUES ('6', 'Connect.jsp', 'Kamalesh', null, '-17118d459afa0c33e828cdc1dbde0cd4d68ceeb4', '[B@d5c653', '05/03/2024   16:38:57');
INSERT INTO `ownerdetails` VALUES ('7', 'Search.jsp', 'Manjunath', null, '-4b2756613f3f6600fe4baeca190641491fb92909', '[B@40f3c1', '05/03/2024   16:40:16');
INSERT INTO `ownerdetails` VALUES ('8', 'Images.jsp', 'Gopinath', null, '-751b38c7fb034896fb795688b1d1fb7fc6e9fa2c', '[B@1ecfcd9', '05/03/2024   16:56:53');
INSERT INTO `proxy` VALUES ('PSA', 'PSA');
INSERT INTO `proxyserver` VALUES ('1', 'connect.jsp', 'tmksmanju', 'Rackspace', 'VM1', 'eeb2cca9559a3ee1965c638af72b7899cc4bfaa', '[B@174aa60', '480', '04/03/2024   14:00:47');
INSERT INTO `proxyserver` VALUES ('2', 'Android.txt', 'Manjunath', 'Rackspace', 'VM1', '902d177dba1deedd45dc411b9653401a566ec36', '[B@1ebba10', '944', '04/03/2024   15:24:45');
INSERT INTO `proxyserver` VALUES ('3', 'Cloud.txt', 'Manjunath', 'Rackspace', 'VM1', '-176bb5f82522c287019cc55d1405a351adc378c9', '[B@6399ae', '508', '04/03/2024   15:25:16');
INSERT INTO `proxyserver` VALUES ('4', 'ecom.txt', 'Manjunath', 'Rackspace', 'VM1', '323fc204bb04a0ef89d36a2d845b6c562f90f82', '[B@71d29a', '1024', '04/03/2024   15:25:30');
INSERT INTO `proxyserver` VALUES ('5', 'wsn.txt', 'Manjunath', 'Rackspace', 'VM1', '-a4bcddaf1d23c55c5435f94d8df0f1ebedcca86', '[B@9d9edd', '1396', '04/03/2024   15:25:43');
INSERT INTO `proxyserver` VALUES ('6', 'Connect.jsp', 'Kamalesh', 'Windows Azure', 'VM1', '-17118d459afa0c33e828cdc1dbde0cd4d68ceeb4', '[B@d5c653', '472', '05/03/2024   16:38:57');
INSERT INTO `proxyserver` VALUES ('7', 'Search.jsp', 'Manjunath', 'Rackspace', 'VM1', '-4b2756613f3f6600fe4baeca190641491fb92909', '[B@40f3c1', '7100', '05/03/2024   16:40:16');
INSERT INTO `proxyserver` VALUES ('8', 'Images.jsp', 'Gopinath', 'Rackspace', 'VM1', '-751b38c7fb034896fb795688b1d1fb7fc6e9fa2c', '[B@1ecfcd9', '1860', '05/03/2024   16:56:53');
INSERT INTO `rackspacetresh` VALUES ('1', 'tmksmanju', 'Rackspace', 'VM1', '40000', '10000', '500', '30/08/2018   17:08:25');
INSERT INTO `rackspacetresh` VALUES ('2', 'Manjunath', 'Rackspace', 'VM1', '60000', '12000', '500', '04/03/2024   15:24:12');
INSERT INTO `rackspacetresh` VALUES ('3', 'Gopinath', 'Rackspace', 'VM1', '80000', '14000', '500', '05/03/2024   16:56:04');
INSERT INTO `rackspacevm` VALUES ('1', 'tmksmanju', 'Rackspace', 'VM1', '40000', '10000', '30/08/2018   17:08:25');
INSERT INTO `rackspacevm` VALUES ('2', 'Manjunath', 'Rackspace', 'VM1', '60000', '12000', '04/03/2024   15:24:12');
INSERT INTO `rackspacevm` VALUES ('3', 'Gopinath', 'Rackspace', 'VM1', '80000', '14000', '05/03/2024   16:56:04');
INSERT INTO `results` VALUES ('connect.jsp', '346', '1024');
INSERT INTO `results` VALUES ('Android.txt', '592', '1024');
INSERT INTO `results` VALUES ('Cloud.txt', '257', '1024');
INSERT INTO `results` VALUES ('ecom.txt', '398', '2048');
INSERT INTO `results` VALUES ('wsn.txt', '465', '3072');
INSERT INTO `results` VALUES ('Connect.jsp', '760', '0');
INSERT INTO `results` VALUES ('Search.jsp', '949', '7168');
INSERT INTO `results` VALUES ('Images.jsp', '457', '4096');
INSERT INTO `rvmcost` VALUES ('3', '40000', '10000', 'Rackspace');
INSERT INTO `rvmcost` VALUES ('4', '60000', '12000', 'Rackspace');
INSERT INTO `rvmcost` VALUES ('5', '80000', '14000', 'Rackspace');
INSERT INTO `rvmcost` VALUES ('6', '100000', '15000', 'Rackspace');
INSERT INTO `transaction` VALUES ('1', 'Data Owner', 'connect.jsp', 'Rackspace', '[B@174aa60', 'Upload', '04/03/2024   14:00:47');
INSERT INTO `transaction` VALUES ('2', 'Mohan', 'connect.jsp', 'Rackspace', '[B@174aa60', 'Download', '04/03/2024   14:25:55');
INSERT INTO `transaction` VALUES ('3', 'Mohan', 'connect.jsp', 'Rackspace', '[B@174aa60', 'Download', '04/03/2024   14:27:01');
INSERT INTO `transaction` VALUES ('4', 'Mohan', 'connect.jsp', 'Rackspace', '[B@174aa60', 'Download', '04/03/2024   14:27:25');
INSERT INTO `transaction` VALUES ('5', 'Data Owner', 'Android.txt', 'Rackspace', '[B@1ebba10', 'Upload', '04/03/2024   15:24:45');
INSERT INTO `transaction` VALUES ('6', 'Data Owner', 'Cloud.txt', 'Rackspace', '[B@6399ae', 'Upload', '04/03/2024   15:25:16');
INSERT INTO `transaction` VALUES ('7', 'Data Owner', 'ecom.txt', 'Rackspace', '[B@71d29a', 'Upload', '04/03/2024   15:25:30');
INSERT INTO `transaction` VALUES ('8', 'Data Owner', 'wsn.txt', 'Rackspace', '[B@9d9edd', 'Upload', '04/03/2024   15:25:43');
INSERT INTO `transaction` VALUES ('9', 'Raju', 'Cloud.txt', 'Rackspace', '[B@6399ae', 'Download', '04/03/2024   15:29:09');
INSERT INTO `transaction` VALUES ('10', 'Raju', 'Android.txt', 'Rackspace', '[B@1ebba10', 'Download', '04/03/2024   15:30:43');
INSERT INTO `transaction` VALUES ('11', 'Data Owner', 'Connect.jsp', 'Windows Azure', '[B@d5c653', 'Upload', '05/03/2024   16:38:57');
INSERT INTO `transaction` VALUES ('12', 'Data Owner', 'Search.jsp', 'Rackspace', '[B@40f3c1', 'Upload', '05/03/2024   16:40:16');
INSERT INTO `transaction` VALUES ('13', 'Data Owner', 'Images.jsp', 'Rackspace', '[B@1ecfcd9', 'Upload', '05/03/2024   16:56:53');
INSERT INTO `transaction` VALUES ('14', 'Kannan', 'Images.jsp', 'Rackspace', '[B@1ecfcd9', 'Download', '05/03/2024   17:01:29');
INSERT INTO `user` VALUES ('1', 'Mohan', 'Mohan', 'Mohan.123@gmail.com', '9535866270', '#8948,3rd cross,Vijaya nagar,Bangalore', '05/06/1987', 'Bangalore', 'Rackspace', 0xFFD8FFE000104A46494600010100000100010000FFDB008400090607080706090807080A0A090B0D160F0D0C0C0D1B14151016201D2222201D1F1F2428342C242631271F1F2D3D2D3135373A3A3A232B3F443F384334393A37010A0A0A0D0C0D1A0F0F1A37251F253737373737373737373737373737373737373737373737373737373737373737373737373737373737373737373737373737FFC00011080079007903012200021101031101FFC4001C0000010501010100000000000000000000000304050607010208FFC4003D1000010401010407050408070000000000010002030411050612213113415161718191222342A1C10732B1D1142433526272B2F043538292A2C2E1FFC4001A010101000301010000000000000000000000040103050206FFC40020110100030002030003010000000000000000010203113104122122327113FFDA000C03010002110311003F00DC508420130D4B56A7A7347E9127BC232D898379CEF2FAF249EBFA83B4EA0E922DDE99E77220E3800F69EE0324F82A10D6F4D8E6708A3B3AC5E7717BD8DCB49F13CC7963B14FB6DE9F21BF2CBDFECF49DB7B4F7A624548E3ACCED78DF7FE43E6A1AEEA975C099750B4E3DD26E7F4E12736D0DC683BDA0CD1B3CF87FC545D8D5295E05A5A607F691F92E7DF6B4CFECBA99563AA92B5AC5B85C5D15EB4D3DA2C3FF34F343DBDD6609BA295ADBF172F7A70E6FF00A80FC415577433D9B6E8003EC9C1C75AB0D0A30D0803A41ED762F51ACD3A962728B770D2F42DA2ABABFBADC7D7B41BBC60971923B5A7911FD9532B0FBFAF4952CD7BF54E24AB2070FA8F3048F35B5549D96AB45622398E5635ED3DC4642BBC7D674AFDED16F9452DF3A2C842150D0108420108420108420CE7ED75D238E970373B8E73CE3BF829ED1F49834CA3157AF186E1A37DD8E2E77593DA95DB7D18EADA6B248B1D3D4789999EB03EF0F4FC14AC7187372143AE536D279574D38CE20C1F128FBBA7D5B23F58AF1C9DEE6F1F55392B004CA61CD49AE5C37677E55697672A440BAA3E7AF2730E6499E3E079AACED4EA33910C53002D33799216700E031877982B4194702B3ADB8606EAAD70E6E8867D4A9F3B4C5B851DAB05CE7B65613CC656F5B07299B63B477939FD558DF418FA2C11A7DB7FF295BCEC030B36334707AEAB5DEBC7EABA9E2F687C9E9604210AD48108420108420108420F12B77D8E69F881098559BDC333CF746548950929E8679A3EA0F24781E3F5537916F4E2CDD947B730752C80A653390E953791F95CED75E55D33E094C78155AD6E853B52F4D622DF7B5BBA32E2063C94F599006955ED52C00D7127000393D8A29B71F615D2BCF6A2EB351B5F5035E935C4CED688D84E4EF38E30BE82D1E98D3B4AA749BCABC0C8BFDA005977D9BE8526B5AF3B686DB1C29D6791583BE37818CF8373EBE0B5C0BBBE2526B4E6DDB99E55E2D7E21D4210AA4C108420108420108420E1511ADC658F8E71C9DEC3BF11F55309BDE8A29AAC91CE43632DE2E271BBDEB56F9FFA67357BCEFE9689568CA3B5212D800734C6C4B23247B03DAF0D380F0701DE194D247C8EE0F9638FC5C09F40BE7AD16ACF130EC562B31CC14B96F390DC927900A1A68D96B58A7A759F6E3B13C714CD071ECB880464771C252DDE15DA5B543BA43FE2BF98F01D4A084D2C56A3B113C8963787B5FCF0E0720ACE75F6D2B0F77FC693FC6EB4EB434EB475AB44C8A189BBAC63060340EA096542D9FF00B42865732BEBAC15DE795967ECCFF30F87E63C15EE3919246D9237B5CC70CB5CD390476AFA5705E908420108420108420108495B9D956B4B3C9F7636971EFC206DA96A51D21B807493B865B18ECED27A82AD5EB166DB89B12170EA60E0D1E013A682EDE9263999E779E7BFF2EA4DA6C7140C6A5810EAD5EB3C6F47658F6B8119E23047F7DEA42CD7858C76E431B73CF0D0145D76F49B5141BCF7637BB1E602BBBF4CAB21CB9878F30090145E578D6D679AA9C368CFE4B3E934576A33F4552176FF006B7801E2A3F54D1E1A967F468250F310DD9653F13FAC01D8392D2358B7168FA638C0D631EEF6636818E27AFC9676F249249249E249EB59F1BC3AE3F94FD9676F2ADA47AF508A928438C3CBF1DA31C13FD1357D4766A41FA2CA6CD0272FAF272F169F84FCBB5273A67D2EE1DD77DC2AC4AD7F44D669EB55458A52640E0F63B83987B08522B10A7A858D0B518F50A44E01C491E783DBD87E9D856CFA7DC8750A305BACEDE8A6607B4F71FAA070842100842100A1F69E5DCA5145FE6CED07C065DFF5530AB3B5F2EED8A2CEE91DE9BA3EA81989B87348C926535E957974A814D1474BB5ACFE0AC3E6E77E4AFCE706B4B9C7000C927A9517649BD26D0D993F763637EBF5533B5FA97415C5289DEF25197E3A9BD9E682BBAFEA6752BA5ED3EE59ECC63BBB7CD45397A2526F38081ACE5474E79A7B3B9474EE41D77BCAA47710AF5F64DAA9974DB5A748E24D6787B01EA6BFABD41F554085D98DE3B0A93FB37B66B6D598B7B0D9E07C78CF5821C3F03EA83690F05743826EC8E5201C01E6946C4EEB23C902D942F2D6E17A402AA6DB31ED968D8C7BB01F113D8E76E91FD255AD256EB436EBC95EC46D9229061CD77228336E9170C89FEB1A05CD2CB9F087DAA63887B465F18FE2039F88F350E246BC65AE047682827364268EBCDA9DC94E191919F268E0A2AF5B92E5A92C4A7DA91D9C760EA0918E7732AC900386C92EFBBBF03804997610749C734DA69176591339A4409CCF4C277F34B4D226133F9A052BBF8BC782F5B333743B5F4883CE623D5A535ACFF78F1DCBBA1B64976B29B606191E25DEDD68C9C008371D3B502D9191125CD71C63B14E286D174B7D7027B58337C2CCFDCFFD53280421080421080C287D5366F4ED41C6531BA09CF39603BA4F88E47CC298420A05FD92D52BE5D55D15B675069E8DFE8787CD57EDD7B958E2CD3B3111FBD0BB1EB8C7CD6BEB9D45061D2D86F2DE19ECCA6925861F8DBEAB65D45420FDA0F14195492877DD39F05E5B4351B4715A85B989FDC81C7E8B73D3BEE852C3904187E8FF0067DB47A84BEFA11A7C0EE0E967209C77301CFAE16A3B2BB25A6ECCC27F4463A4B327ED6CCB82F777770EE1F3560420108420108420FFD9);
INSERT INTO `user` VALUES ('2', 'Raju', 'Raju', 'Rajesh.123@gmail.com', '9535866270', '#879827,4th block,Nandini Layout', '05/06/1987', 'Bangalore', 'Rackspace', 0x89504E470D0A1A0A0000000D49484452000000CC000000CC080300000008FCBCC000000066504C5445FFFFFF42C0FB3ABEFBFBFEFFF0FAFF35BDFBF6FCFF44C1FBEAF8FFDAF2FECDEEFEEFFAFF51C5FB4BC3FBC3EAFEDFF4FE97DCFDD5F1FE8ED8FCA7E0FD72CFFC9FDEFDB0E3FD5BC8FCBBE7FD7FD3FC69CCFCACE2FD6FCDFC7BD1FC85D5FCCAECFEB9E5FD8BD9FC10E780B800000A1149444154789CED5DD97AABBC0E0D6226CC0961CAC07EFF97FC8136290143902D2A4EBFB32EF6C56E5A58B12DC9F2927C385041B70C2729EA5396D545E8398E61E9647FFB77D1D2886F3998A609D0FD6B9A417E8B1BCFF99F23742CD2B3DF92D0DED1FE8F7D4D2F11F7EB61E0A6B93D21F243C8F66F1EF72BAE841156E61C911721D3AF0DEE17FD8C6371FE48A587595D1CEE97FD00EF66AFA2D28D8E762DB85F7709561CACA5D2D3B1D323F72BCFC2AB4C04959E8E1F72BFB4187AED6386E53938A73DBA1D2B4333F9A213EFCFAC19B11C9796CD7D6F6C9C123FC59E30CFFBB2D1FA5D9E4B3736163781214E2A5CBA75B3232BD0D84A5C34CDBE705378C193B0C923047BF137CE59998B06D54E8C40ACCEA5659372D3E8E1527069F1E026D2C2BAD19081EB0E82CE2220E1D25AB49A9BCAC1211A985DD88042D5C50CD8703B1B83C02CBFC8E4CC11E7838C4A0B93791BAD14608E0157562E069529FB829D7092292807A68B9E19B9A86D630464CE8C8E33CA69C9683E63DA36A45D32EDD09CF8C848266416C8946CAEC650C862CC20673BED205F329CC6D9A35E329CF15941CE45837F5C791AC50493904CC54486DA65F6F099C858D70DC8684CB6D9C837E0A231D966C7DF800B30D9E688DE32B76498A2B364032E1A30A5CF922DD6BFC99474F6B0C7B16B004C7980C71664B8921AE126649882B3FF93D92B996DD64CC343E64F59B34DFC0C30F91977032E6C11C09F8ACDB6899A5D1E329BEC6780693F63111E34FD8069A7B9490E20E0D2046D919DB972A59AB6C89BA55C64B6C868B21D03B8F4E68CCB671E0E473241C30B3EDB29804EA2671A02AE7C2A8D0B9D3CE39B4CCAA7D67C5007349C8A1387FC80965174A6135B005E6153464CE6CEC8857AB309ACFA399DD66DDABC957529A9AAA962E5720829C9989C3AA043679C09C9706D999FD009E7199CB9CB1BC23F24383D4415D9D0F0E9669ED0C9944D9C41E6130955B0B987AA13AAF86C0782F31605CD610064DC443A5834F32CD8C3C010A5CF76520C44B345638E315FD00986862FF9370681E3F499C3B2014ECA314DB697812190D1F2473203346ABE661F3EE605A57327C8F733C93AB84A9E730F259A03E8278581D98D597EC29196D242BE1FB3FC8474DE790FA1FF049271C0CE2CD937E434DB50F1EF2F4570255C27047B72974378F86513ECB73718BA97C60E2ACD67A1C7B8B066673D5A46B070CB0676D0CF60010966A271894BD7C2C28883FC7DE430E681B001FB5E311D1009CEBDCF3254471D3E9DCC5A20AA6A7DD6EAFF35405880DFD8F8AB8924ADD54769B03D19EF9FDA231064AA4DC9E84EE3AB3E61FD9AD9964C92E566AC1A6020B29BDB6D97752FF54D506F6A8968DE106C65CD8A6B00E0AB977B60FA1D6C5390712C721334B8120C3BE6247D8B14D3B1B9F68DA24B82B0CF429D07906F99ADE6ACF52F40D13515A9D7809BFA238778545F54348A7EB60E567B62667471B395945F5DAF21A0A8F47ADC70543AA454E6D97DB68A869CC0AEB8B14C374DC8638A856335CFFD3AE4CAF91EDD2B513DB4076CC02F1FAA93CDBD692F2E8ADF8D1E5D3EF79B5FE263E62757C1FC38D9938AB2CCC3F0E27CF60E80D57C82B2917D8DC7CF7610CE4AE372BCDCD41BCFF6EF6157B14C78A3673FCF87AB0A17A7F635122AFDAB807D0DB1AB271AECD255AA22AC240E880B8201F253847078D6C51F72915E7796974ADAAF4F74B2642D9D633AB8514161BD78779AA522A493AE5B3CD150E90695A4FBD593926EA988F8D8F715A3130EF3DAB207A35B53E9DF4D2B93655B609D8697768064DACAC5DD97214D2748BD85D131DEEA43246FB170620A711980097687D6FB9B731E17FC7476493BE9DB478346828AD5102C7BD0FC6B162691D322F28A535ACD5D2304C14C363A1A9D054B9CBFE98F9B72DCD2052E932B9B9C30AD84D7D6CC74D84FDE67874C5FD48860B1B42B411C2247C57D4A672649E08DB848DCC51112E8E4CDCA9BB55186578EC61D2A61126FCC05EF2C1D02730CF687744CF27647D2CCD6247C9F1F78676985B97A1406F9E7BD7971FE495589B78CE1683606D8431E87C2B540B5C6AF39F5F351E2B4443832A7E82AF5E8AACCA4F31A2BA7F6F7923085FAA07074C8883D16D51B0A8F8F88378C6E1E882B3647EBA55DFCB81D8C9191942EA172596D087913BDE5636CBD735C4476BC535069FD1A6A3A24B1C84479E3480AD9D789E83E06C891C73E22EAEED8D199B8E2E184AAA08CE024662204870AE5F927E32A090AE5A231D119E2FAA1CB28FB845C08AEFE9A9EFBE2AEAE232B5A14CB637527F1A2B513459F944EC00D33C9C8B808279993F5B7D3DA791AAEB99376DAAC0355D585D25A2D7211C5BECD33A30B00793C1F4A7F637A5D17AEDAB6A6A1223E86BD0C437058DA1FF798D681E126994355B26C96D35934395E87FCB230D7A68B1F50964C27AB58166C4A045612168EBA0505C7B80BEBE82E2F9AD65F5942A900E48F99C1991619202719554F3951A271A66600FC5A68071CC124410514648DCB04A5A4D1ECA0DBC2BB1BA727D8B8FA5483AEC67FB2A99D86253F3005D7CF4C9B74CCE439E640D721D79F4CEEC50A2828C7E642E0BA91C7FC649DBEA01CFFE94FF1DEED9D8DC09261D3646464CC71BAE1A31E657443A0A0EE037B79101D99F183BD8F7FD91C1E7E0BAE84436F27E8A6D97809AC50A3C1405D75997E1CDD36808C8C3D7EF22A99E0AB3188210815D0DD1CC9C8042323EAACFBB5E74C9ABA5709050619197F44265AF76BD0F49F16583E1BAFBEA21B99D1F7785C19F2F51943915916A6D37E898C367EF6CA128E3E6B201A9806CD85AE399E390E33D7D6A475DD81A65F299C2534187464C653FCB836EA8393A0E04BAA46858CCC34BE5D9D560CA61F946B4C579391993EDE3D4B47B17257062836911840E0AFAD4C560029A75A72E9945722871DA5526A02091FD381AEADBCD8FEE8C91D3F3AB2495E9DAE71E94C33590BAF8F902E83A64A996BF31764EA1E4EA60AB974F69D2C9FA969CDDC33F40B26D530D9E7AD8738B72583A538378A858A192126BB09041C32D5E252A75F3D5C3B9FE19F3C17CA652334CFAF2F2D5D3738815A01844B762763B094153F146BBE35E5B6945149E53BE734705F4856E482D5DB851BB1BA56EE0BF6A229723E9E6B91DC80FCA888E8C07DD1187DEABF2319C98C70CC88AC1AE4CDD2977B590C6F1484F1EF48A40A96042F04F78554A4BEA86435C91ABA58511CA894FAFCD0593CBA5C2AF0B4299BA018C58DA4B404EC787EE984F3BF46DD2D3C3A95B9462004F64FB3A373994B776ED096D2729BB4D294271C54739640AFC56C36EAE36C39C9A9B2E705EFEBD8D8E7194B6089F37568492986915B97B91F74DA0A593A733E5017C5EA240E73097A14D66979CD8376DAC970327371719928AD46E3303FC172DC47718A3B4E9DA60730B42010B784108864701239454AC6D1895CAF69599DDBD9D7D11A0284E87E22168BD6637743E73065603951E23D8AE252D7598BB845FA42DC23CBEA4B110ABFF1C9A1A7BFF77E4E4B182998F8EE3D23C1E38DCBAEDA054B2033FFCCC0BCC9CB28A4AACC78ED3C614BE7FF5B38C65F067C975D69D1D093CEA4D7148BFF3FD50A9923FDD03B3F0000000049454E44AE426082);
INSERT INTO `user` VALUES ('3', 'Kannan', 'Kannan', 'Kannan123@gmail.com', '9535866270', '#8928,8th Cross,Mallesharam', '05/06/1987', 'Bangalore', 'Rackspace', 0xFFD8FFE000104A46494600010100000100010000FFDB00840009060710100F0F0F11101010100F161010101012120F100F0E101511171618151515181D3420181A251B151525312125292B2E2E30171F3338332C3A282E2E2F010A0A0A0E0D0E1A10101A2D2520262D2B2B2D2D2D2D2D2B2F2D372D2F2E2B302D2F312D2E2D2D2E2B2D2D2B2D2D2D2D2D2D2D2D2D2D2D2F2D2D2D2D2D2D2D2D2DFFC000110800D200F003011100021101031101FFC4001B00010002030101000000000000000000000001030204050607FFC40047100002010202060409080805050000000000010203041112050621314151136171810722328291A1B1C1D114234252728392C21516436293A2B2D2536373C3E1333444A3E2FFC4001A010100020301000000000000000000000000010203040506FFC4003411010002020003050605040203000000000001020311042131051241519113226171B1F04281A1D1E1143252C133F1152472FFDA000C03010002110311003F00FB88000000000000000000000000000000000000000000000000000000000000000000000000000000000000000000000000000000000000000000000000000000000000000000000000000000000000000000000000003CB6B2EBC5B59B74A38D7AEB63A7069460F94E7C1F52C594B648866C786D6797A9A5F4D5DED8616B4DEE492A7B3B649CFD181A37E3A91D277F2FDDB75E1AB1D7F56BD4D01A425E34EFE6E5FEA577EF35ADDA1AF0FD59630D3EE3F9230D2F6FB69DE3A897D194F3E3DD5135EB22BDAD8F7AB6E3F54CF0959E9AFA3A9A33C2255A5354AFEDDC3FCDA716BBDC1EF5D717DC74B17134C91BACEFE4D4C9C2CD7A3DF595E53AD4E35694E3529CB6C65178A7FF003D46C44EDA931313A95E4A000000000000000000000000000000000000000784D76D65AB2ABFA3AC9BE9A5B2B558BC3A24D6D8A7C1E1BE5C372DBBB5F3E68C71B96D60C3DEE72D0D13A12859A4DA556BF19BFA2FF757D15EB671B265B65EBD3CBEFABA34C733D1B75AEA4F8E1D4B618E750D8AE3AC34EA4DF335EF91B15AB5EADC496E934CD7E569E6CB5A567AC25DC42AC7A3AF08CA2F8E1BBAFA9F5A1116C73DEC73A963C9C3EE3DDF4695AD7AFA22B2AD45BAB6951AE929B7B3BF94B94BB99DDE038F8CBEEDB95BEBF272388E1E1F56D1D7D4EE2953AF4A59A9D459A2FDA9AE0D3C535D475E277CDCBB44C4EA5B24A000000000000000000000000000000000001C7D6CD31F23B3AB5D619D2C9493E3525B23B38E1BFB132B69D42F8EBDEB69E1356ADBA0A7D2D478D7B8F1A5296D962DE383EBDB8BEB679BCDC4FB6CF31E11D3E7E32ED63C3EEFD5D193E2F7936B69B110A2A4CD5C99192B0D5A95791AF3CFAB3C554345A257DB1689895B6DAB49292746A2CD09A6B07D7C0ADA66B317AF586BE7C7131B6C783DBD95ADE56D1D39370A98D4A0DFD64B1D9F6A2B6F5C3ACF53C1F111971C5BCFEAF3FC562D737D28DD69000000000000000000000000000000000003C0784CA9D257D1F69F46739559AE696115EA753D269F1B93D9E2B5A3C225B9C25772E76919E33C384525E9DBF03C9E3E557A2C31AAED4464F9BF4B2D3695E6213814D9B4E51B46C711B36C5C49895B6C376DE2B717894AAD3F57A2AF63791D8E138E6EB4A4A587A33AEF3A5D9193536A7CA7FD4FFA71F8AA787CE1F5F3D1B8800000000000000000000000000000000000F9D6BD6CD2D60DEE74E4976E33F8A39BDA71BC16F97FB6FF0005D7F3695DAF9C9777B11E62B3EEBD0639F7218C62426656460429B67906D1B62E013B612892B44AA922D12B44B475C7FED682E2E4B0FE1BF8A3A1D95FF2DFE5FEDCDE2BAFE6FB1515E2C71DF82C7D07A8701980000000000000000000000000000000000F03E156DE5156779158F4151C65E761258F56306BCE35F89C717A4D67C771EADAE16DA968DCE1250AB1DB19A4D3EA6B15EA3C6EA6B3359EB0F4186DB8D2B8221795D1890A4CACC842BB632884C4AA9C4B2F12AD53CCD2E64EF4B77B51B69693A5F29D2165671DA94A2E6B945B5297A2106FBCED764629EECDE7C67E8E57157D43EBC7A071800000000000000000000000000000000001A1A774646EEDAADBCB62A91C14B7E49ADB19773499131B8D2D4B77676F97680B8953954D1F70B2D4A4E518A7DB8B8A7EB5CD33CD76A70B35B7B5AFE7FBBB7C3E5DC72759D371783EE7CCE4EF6DD8B6D640856572442932C2682D0A248B2F0C6E6BC2DA9CAACF7F05C5BE11464C58AD9AF14AB1E4BC6BE0DAF065A26739D5D255978D573428E3CB1F1A6BAB628AEC7CCF61C3628C74888E91C9C4E2B2F7A74FA11B0D400000004360632AB15BE515DE80AA57B496FAB4D76CE2BDE0553D2F6CB7DC505DB569AF7814CB586C56FBCB55F7F47FB80AA5AD3A3D7FE6DB7756A6FD8C0DBB0D2F6D5DB546E28D56B6B8C2A42524BAD27881BA0000000000000005377754E8C2552ACE34E1158CA52692444CC4754C5666750F926B6E93A7A4AE60ECADEA3A94F63AEBC57522B7631FA293DD26D3353364A6BDEE9F56F61A5A91D53A3B58306E85D274EA47C57292C137FBDC9F5EE385C4F674C7BF879C797DF5FAB7E99A27AF29776118B58C649A7BB8A3953B8E52D8EF79B3CAC2370874F9B1B4EDA3A434AD0B75B5E33E115B64FE06C60E172E79F763979F8297BC57FBA5E76A5ADD5FE6ABE2C611FF00A7093C13FB3CFB5EC3B15BE0E0A3B9D667ACFDFD1AF68BE4E7E1E0F5DA075FD518FC9EFA8BA32A51C212A70F164A2B64722DDBB04D6C7D475F0E7AE4889ACEE3E0E6E6C1DDE6E456D6AD27A46ACA1698D0A4B84304E2B839D46B1C7AA3877EF361ACBFF426957E5693947A957B97EC023F56EFDF95A56AFE3B97F98087AA772FCAD2955F7577EDA8063FA9537E5690A8FEEA6FDB5007EA1D37E55E557F7497B6604AD40B6E35EB3F329A0338EA0DA7F8B70FF82BF2816C7516C97D3B97E7525F9021647526C57F8EFB6A25EC88162D4DB0FF000EABEDAB2F701CDD60D57A5428BBBB4954A356DF0A9E5B96CC76B8B7B5358E212FA26AC692775676F70FCAA91F1F0D8B3C5B8CB0EAC53207500000000000034F4B693A56B4675EB4B2C21F8A4F8462B8B644CEA36B56B369D43E557D775F4AD4E9ABC9D1B483F9BA69ECE5E2FD69739772391C671DECE7BB5E76F2F2F9BA9C3F0DBE50EE5AC234A9AA74A2A9C38A5E549F36F8B34EB169E779DCB7231D61AD7FA3A95758548E2D6E92D938F63F7196992D4E89B522DD5C67A02BD278DBDC34BEACB18FB314FD065B64C593FE4AEFEFD58BD95EBFD9263A4D6CC612EBC69182787E0E7C27F54EB37DE984AD2FEA6C9D6505D4F07FCABDE23FA4C7FDB4DFDFC53ECF35BACE9759E81A5079A6DD596FC65E4E3F678F7E2532F1B7B46ABCA1969C35639CF3746ACDA58A7861BB0D981A1BDCF36DD6BB979DD6BBE753A1834B182949BC36BC704BB3733B5D8F862B17BF9EA1C5ED588ADEB48F9BDEE85B28DADB52A715849AC66F8B961E33EF7EA48ED390D9CC04E6018813880C409C406204E20310256D0395AE170A958DCB7F4A2A9F7CDA5ECC40F59AB365D0595AD1C3070A70CDF6DAC65FCCD90974C00000000010DE1B5EC480F92E9CD22F4ADE3F19AB1B5C70C314A7FBDDB2DB8725D6CE5F1FC5FB2AFBBD67A7EEE9F0BC3EF97DFC962AAA53845251845C5420B628A470F1D7DEDCF399EAEF4638C749D3A66F3506C6C60D94995A215C998A6CB4430948C5365E215B6629B2D10A2E25C0523C59691E2F3AA1D35FD386F59E117F663B65EC91EA780A777057E3CFD7F8798ED1C9DFE22DF0E5E9FCBE99712DA97D54977EF371A2AB30139809CC033013980660273013980CE116C0BE2B003CD6B5C7A7ADA3ECF7AAF5D4E6BFCB8B517EA72F404BE944000000000003C8784CD30E85A74307F3974DD3586F54D2F1DAEDC547CE31E4B6A19B053BD6DF93C8D3B756F46141795E5D57CE6F8777B91E53265F6D927278748F93D2F098BBB5DB18BC1A7CB69113A6E4C6F93B14EAA924D71F53E46E45A2636D0B566B3A9436566C443093314D978856D9866CB44306CC7365A2184E5822B11B5E236D49CF7B7DACCF5AEF510C933158DB435168F4B7AEA3FA2A537DB27F0CC7AFAD7BB58AC783C55ED36B4DA7C79BDB4EAE2DBE6DB2CAA338139806602730139C09CC04C5B7B80D8853E7E8E005A98072C136070F4453E9F4EE3BE363470EACED61FEECBF084BE884000000000003E5BACB5FE55A6B26FA76715D98C52937F8E515E69CAED3CBDCC56D78F2F5FE1D2E0E9D3D5A95AA6694A5CDE270EB1A8D3D256BDD888604A56D1AAE2F677AE0C98B4C297AC5BAB6E37317D5DA4CDD8271CC25CD73462B58D4B0725CCC73332B442B9545C045578AA996D324725E3934B4B4F2D0A8F9ACABCED9EF37381A77F3D63F3F4E6D5E3B277387BCFC35EBC9B7A854B2D1B8ADC64D417A305FD523D43CA3B79C2139C09CE04E70273816422DF002E852E7B40BD3C009CC0330129AD98EEE3D8B6BF52039DE0B21D2FCBEF5EFAF5B2AC78258CFFDC4BB884BDE8000000000007C6B4256E9257F74F7D59BC1FDB9393FEA8FA0F3BDA97DDE95F9CBBDC153DE85A68BB2C922B32864911B42702BB46D3811B46D380D9B301B368C06CDB8BACD53085387D66E5DD15FFD1D9EC8A6EF6BF946BD7FE9C9ED6C9AA569E73BF4FF00B7A5D096F2A76142383C6A6351F63DBF9BD4779C15EA12E4C0C952972F5A02C8D07C5AF6816468AE2DBF50174525B92033CC0330139809CC04E603434FDD74569733DCF23847ED546A0BFA981DFF0007D67D0E8DB6586DA91759F5F492725FCAE3E8212F440000000000D5D2B51C2DEBCD6F8D3AB25DAA0D913D135EB0F916ADC70B19F5D5F6460799ED09FF00D88FFE7F77A2E0BAFAAE8D48B9C6962B3CB7478BD8DFB99AFDCB7726FAE51E2DFB65A567BB33CD765C3672316D6DA522B328DB248AED0CB02368DA7006D180D9B434366DE674EFCE5CC292FDC879D27FF28F4FD934EEE0EF79CCFECF3FDA77EF66D7947F2FA15D611C94D6EA718C7D589D37354A98139C09CE04E702738139C09CE0338139809CC07035D66E746DEDE3E5DC56C175E5F157F34D7A00FAA5B5154E10A71D91846308AE4A2B05EC212B00000000001AFA428F4946AD3FAF09C3F145AF7912989D4BE41AAEF359558F18CF37738C7E0CF31DA51ACF59F38FDDE87839D4B5EA3CB7F6B2E6E31F4C9C7F319717BDC2648F9FD2253C5F2CD5976AE178F3ED7ED39513C9BD49F7618A42646691546D9288DA36369715E944C5667A42BDE8612AD05BE705E744B462C93D2B3E92AFB5A478C7AAB95DD25FB5A7F8E3F12F1C3E69FC13E928F6F8E3F147AC3CF68A92A9A46137865E93375654F05EE3D770D8FD9E1AD7CA21E6B88BF7F2DADF17B7BD93E9678EFCCFD18ECF519D854A992273902738139C09E90912A640C937C9FA00C9297D597A18192A73FAB2FC2C0C9C1A4E537D1C56F94B67AB881C6D06BF48696A32827F27B24A59B86C6DC5F6CA78774584BEAA400000000000007C8E143E47A4AEAD27B29D76E54B93526E504BBA528F6C4E1F6B6099A77E3F0FD25D7E132F47375829BA55EDA4FE8C93C79A538B307013DFC592BF0FAC4B6F8BB44CD6D0EEDDC7E727DBEE39159E4DCC73EEC308A0999736F6E2BCEBC2D2D92E926B172786C5863C762492C713B5D9BD9F4CB4F6B939C7847EEE571DC65F1DBB94F56F4351AA4B6DC5DCA4F8C60A524BB2527EE3BB4C54A72A5623E50E3DF25EFF00DD3323D44B75FB5ACFF84BF29936A317A996CBE9D77E753FEC021EAA5AAE151F6CFE080E1691D1756D6B7494A32953DF16B1938F38CB0DBDE12DF8EB7D5C1276F09B8ECC66A4DAEAC5013FAD55F859D2FE1CD84256B3DDF0B387F065F00256B1DFBDD6B15F70FE004FE9ED26F7504BEE52094FE98D2CF7534BEEE0BDE109FD23A61F0C3F84BF3049F28D32F8B5E7515EF01974C3FDAB5E7C3DC0685FDE5FD24DD4BC8A7F5155529BF352F681D4D01AAB7BA4A946BD5B970A126D2CD9A552693DAD4762C31C76B7C3701F4DD05A16859515468C705BE527B67525F5A4F8BF5103A200000000000003CDEB9EAB46FE9C5C64A9DC52C7A29BC706B7E4961B70C78F07DE9D2F4EF432E2C9DC9F83E5BAC8EEE0A146EE94A13A4E596A35B2A2696E6B64B72DA8E7E1E0EB82F335E5BF0FD9BFED7BF0F4D70F19297D68C65E94798D6B70EC629DD111416972EEA95C50BA8DE5BC63524960E0D63F472BD98A6D35C9E2777B338FC54C7ECB24EB5E3E1CDC7E3B85BDAFDFAF36F7EBCD45B2A594D3EA9492F4381DAAE5C76E9689FCE1CB9C778EB13E8AE7AE937E4D9D47E7CBDD02672D23ADA3D60EE5BCA7D14CB5A6E1EEB29FFEC7F90A4F11863F1C7AC27D8E4FF19F49572D3D78F759B5DAAAFC0ACF19823F1D7D6168E1F2CFE19F456F4B5FBDD6D15DB19FF714FEBB86FF00385BFA4CD3F8658BBFD22FF6305DDF19959ED1E1A3F1C7EBFB2F1C1679FC3F4517FA42FE8A8BA918414B1CBB212C70DFB9BE65F171B872CCC52DBD7C27F652786CB1D63E8E8E89D1DA5EEE9AAB494553979329AA70CEB9C5358B5D66CC5B6C36ACD6752DF5AA7A69FED6847CE8FBA993B4338EA56977BEEADD764EA7BA98162D43D24F7DF41764AB3F720325E0EEF5F95A45AEC559FE70335E0D6B3F2B48CDF9937EDA840C9782E8BF2EF6AC97FA697B64C0EB68BF0756145A94A33B86B6FCEC9387E08A49F7E207AD8452492492492496C492E0901200000000000000000F39E10747BAFA3ABA8AC654B0AD15CF23C65FCB98A5E370CB86DABC3C5688AEABDAD292DB2A6BA39AE3E2AF860FBCF21C663F659ED1E13CE3F377F87C9CB4D989ACD995B144292B62555995890576892044AB92256855244AF08A54B33EA5BC4CE8B5B50E6DC52F96E93B5B58ACD0A7252A9C5654D4A78F9B14BB59DFEC9C135A77A7C7E90E67177EEC6BEF9BEBA961B0EEB8E90000000000000000000000000000000181F29D61D1353455CCAE2945CACAB3DB15BA936FC87CB06DE57D781CDE3783AE6AEBD27CBF874787CFE6DBB5AB4ABC7A4A524F9ADCE2F935C19E632E2BE2B776F0EAD32EE16646B7A31AFB8967121595A985651260854D05C541BDFB113B3BFE4E5699D34A97CC5059EB4BC54A2B338C9ECDCB7CBA8E8F09D9F6CB316C9CA3F596BE4CD15F9FD1EB7507561D9D3956ADB6E6BF97B71E8A18E3931E6DED6F9E1CB13D463A4561C5CD97BF2F5A646100000000000000000000000000000000030AD4A338CA138A94649A9464938C93E0D3DE0DE9E0F4C783BC26EB58567427BFA29B964EC8CD6D4BA9E3DC6BE5E1EB78D4C6E3E2DAC7C4CD7AB875AAE94B5D95ED25522BE9C22E4BB5CA9E2BD291CACBD9149FEDDC7EB1F7F9B769C5C4FDE95435BE8EE9D2A917C70C92C3D2D1A56EC9CB1D2D1FAC33C678F8AF8EB4DAFF0098BCCF8331FF00E2F3FC3D53EDAAC67AD76CB8547E6C57B5968ECACF3D663D7F847B7AFC554359E555E5B7B6AB565C92727E882667A7647F95BD214B71111E1EADDB7D01A5AF3CBCB6949EFCCF2CF0EA8AC658F53713A783B3B163E711CFCE79B5B2717F1F47B2D5AD4FB6B1F1E29D5AD860EB4F0C573505BA2BD7D6CE856910D1BE5B59E84B3180000000000000000000000000000000000000001557B5A73F2E9C27F6A3197B4262661A32D5EB27B5DA5B3FB9A5F023BB1E4B7B4B79ACA3A16D61B616D423D6A9534FD835089BDA7C5BD18A4B04925C96C44AA90000000000000000000000000000000000000000000000000000000000000000000000000000000000000000000000000000000000000000000000000000000000000000000000000000000000000000000000000000000000000000000FFFD9);
INSERT INTO `userrequest` VALUES ('1', 'Mohan', 'tmksmanju', 'Rackspace', 'connect.jsp', '[B@174aa60', '04/03/2024   14:24:11', '04/03/2024   14:26:47', 'Responsed');
INSERT INTO `userrequest` VALUES ('2', 'Mohan', 'tmksmanju', 'Rackspace', 'connect.jsp', '[B@174aa60', '04/03/2024   14:26:14', '04/03/2024   14:26:47', 'Responsed');
INSERT INTO `userrequest` VALUES ('3', 'Mohan', 'tmksmanju', 'Rackspace', 'connect.jsp', '[B@174aa60', '04/03/2024   14:26:37', '04/03/2024   14:26:47', 'Responsed');
INSERT INTO `userrequest` VALUES ('4', 'Raju', 'Manjunath', 'Rackspace', 'Cloud.txt', '[B@6399ae', '04/03/2024   15:28:30', '04/03/2024   15:28:45', 'Responsed');
INSERT INTO `userrequest` VALUES ('5', 'Raju', 'Manjunath', 'Rackspace', 'Android.txt', '[B@1ebba10', '04/03/2024   15:30:06', '04/03/2024   15:30:15', 'Responsed');
INSERT INTO `userrequest` VALUES ('6', 'Kannan', 'Gopinath', 'Rackspace', 'Images.jsp', '[B@1ecfcd9', '05/03/2024   17:01:00', '05/03/2024   17:01:08', 'Responsed');
INSERT INTO `windowsazuretresh` VALUES ('1', 'Kamalesh', 'Windows Azure', 'VM1', '60000', '12000', '500', '05/03/2024   16:37:11');
INSERT INTO `windowsazurevm` VALUES ('1', 'Kamalesh', 'Windows Azure', 'VM1', '60000', '12000', '05/03/2024   16:37:11');
INSERT INTO `wvmcost` VALUES ('2', '20000', '8000', 'Windows Azure');
INSERT INTO `wvmcost` VALUES ('3', '40000', '10000', 'Windows Azure');
INSERT INTO `wvmcost` VALUES ('4', '60000', '12000', 'Windows Azure');
INSERT INTO `wvmcost` VALUES ('5', '80000', '14000', 'Windows Azure');
INSERT INTO `wvmcost` VALUES ('6', '100000', '15000', 'Windows Azure');
